code,name,date,title,sentiment_label,sentiment_confidence,sentiment_score
005930,삼성전자,2026-05-09,삼성전자·SK하이닉스 어디까지? 주가 움직이는 3가지 동력 - 비즈한국,neutral,0.9932,0.0
005930,삼성전자,2026-05-21,‘총파업’ 벗은 삼성전자... “주가 50만원 갈 것” 전망도 - 조선일보,positive,0.9913,0.9913
005930,삼성전자,2026-03-02,“유가 100달러 전망까지”…삼성전자·SK하이닉스 주가 흔들까? [잇슈 머니] - KBS 뉴스,negative,0.7748,-0.7748
005930,삼성전자,2026-06-05,"[특징주] 삼성전자·SK하이닉스, 美 브로드컴 급락에 '하락' - 글로벌이코노믹",negative,0.9939,-0.9939
005930,삼성전자,2026-06-04,"삼성전자 주가 오르며 몸값 뛴 이 주식...""주가 11만원 더 오른다"" - 파이낸셜뉴스",positive,0.9927,0.9927
005930,삼성전자,2026-06-01,"‘85만’ 삼성전자 세계 톱4 전망 내놓은 월가…하이닉스는? ""상승 여력 제한"" - JTBC",negative,0.9656,-0.9656
005930,삼성전자,2026-06-05,"""삼성전자 1000주 넘게 샀는데 완전 망해…몇 억 날렸다"" 고백한 여배우 - 아시아경제",negative,0.9888,-0.9888
005930,삼성전자,2026-05-26,"빨리 팔아야 하나…삼성전자 20% 폭락 소동, 무슨 일? [포크뉴스] - mbn.co.kr",negative,0.9917,-0.9917
005930,삼성전자,2026-06-02,삼성전자 주가 급등에 '성과급 반대' 주주운동 '주춤' - 연합인포맥스,negative,0.9891,-0.9891
005930,삼성전자,2026-05-20,"""불확실성 커졌다"" 삼성전자 노사협상 결렬에 투자자들 불안 - 연합뉴스",negative,0.9935,-0.9935
005930,삼성전자,2026-04-23,"""10년 보유할 생각으로 삼성전자 주식 샀다면, 지금 해야 할 일"" - v.daum.net",neutral,0.9915,0.0
005930,삼성전자,2026-05-09,삼성전자 주가 50만 원 간다는데 - thecommoditiesnews.com,positive,0.9791,0.9791
005930,삼성전자,2026-05-25,“삼성전자 투매할 뻔”…프리마켓 ‘20% 급락 소동’ 무슨 일 - 중앙일보,negative,0.9917,-0.9917
005930,삼성전자,2026-05-20,"[스타트 경제] 삼성전자 노사, 오늘 오전 10시 최종 담판...총파업 갈림길 - YTN",negative,0.9472,-0.9472
005930,삼성전자,2026-05-03,[단독] 삼성전자 목표주가 첫 하향…월가 “노조리스크에 발목 잡힐것” - 매일경제,negative,0.9939,-0.9939
005930,삼성전자,2026-05-06,삼성전자 ‘시총 1조달러’ 첫 돌파…“주가 지금도 싸다” 이유는 [머니+] - 에너지경제신문,positive,0.9932,0.9932
005930,삼성전자,2026-05-21,"협상 탄력받은 삼성전자 주가…코스피 7,800선 회복 - KBS 뉴스",positive,0.9932,0.9932
005930,삼성전자,2026-05-12,삼성전자 2분기 영업익 100조 전망까지…증권가 눈높이 더 높아졌다 - 연합인포맥스,positive,0.9919,0.9919
005930,삼성전자,2026-05-26,눈을 의심한 가격...프리마켓서 삼성전자 20% 폭락 소동 [지금이뉴스] - YTN,negative,0.9917,-0.9917
005930,삼성전자,2026-03-31,'삼전닉스' 고점서 20% 하락에도…증권가 실적전망 상향 이유는 - 연합뉴스,positive,0.9929,0.9929
005930,삼성전자,2026-05-27,"파업 리스크 해소한 삼전 50만전자 가나…""주가 정상화 기대"" - 연합인포맥스",positive,0.9928,0.9928
005930,삼성전자,2026-04-07,"삼성전자 '역대 최대' 실적 발표에도…""재투자 없인 주가 상승 동력 한계"" - 연합인포맥스",negative,0.8659,-0.8659
005930,삼성전자,2026-05-14,"또 오른 삼성전자·하이닉스 목표주가, 지금 주식 더 살까요 팔까요? (feat. 부자들의 매매법) - 뉴닉",positive,0.9086,0.9086
005930,삼성전자,2026-04-19,전쟁 곧 끝날 것 같은데? ‘빚 내서’ 삼성전자 사는 투자자들 - 문화일보,neutral,0.9797,0.0
005930,삼성전자,2026-04-19,종전 기대감에…삼성전자 '빚투' 이달 들어 7.6% 증가 - 매일경제 마켓,neutral,0.5904,0.0
005930,삼성전자,2026-05-08,"JP모건 ""삼성전자, 목표주가 35만원…노조안 수용시 영업익 최대 12% 하락"" - v.daum.net",negative,0.992,-0.992
005930,삼성전자,2026-06-02,"""삼성이 돌아왔다""…SK하이닉스와 시총 다시 벌어지는 이유 - 연합인포맥스",positive,0.9593,0.9593
005930,삼성전자,2026-05-23,NH투자 “N% 성과급 논란에도 삼성전자 주가 70% 더 오른다” - 문화일보,positive,0.9919,0.9919
005930,삼성전자,2026-03-18,"[현장에서] 삼성전자 주가 20만원 회복한 날…주주들 ""고맙다"" - 연합인포맥스",positive,0.9923,0.9923
005930,삼성전자,2026-04-08,삼성전자 '슈퍼 어닝서프라이즈'에 증권가 목표주가 잇단 상향 - 연합뉴스,positive,0.9935,0.9935
005930,삼성전자,2026-05-21,"""가격 급등 전망""...입 벌어지는 삼성전자 목표가 등장 [지금이뉴스] - YTN",positive,0.9828,0.9828
005930,삼성전자,2026-05-20,"협상 결렬에 4% 급락했던 삼성전자, 소폭 상승 마감 - YTN",negative,0.9776,-0.9776
005930,삼성전자,2026-05-07,"삼성전자 '최고의 순간' 아직 오지 않았다…""여전히 저평가"" [종목+] - 한국경제",positive,0.9841,0.9841
005930,삼성전자,2026-04-15,"증권가, 역대급 실적에 삼성전자·하이닉스 합산 시총 3000조원 전망 - 스트레이트뉴스",positive,0.9832,0.9832
005930,삼성전자,2026-04-28,[한국경제 방향타 삼성⑦] 증권가도 삼성전자 주가 ‘리레이팅’ 기대 - 시사저널e,positive,0.9663,0.9663
005930,삼성전자,2026-05-03,삼성전자 주가 어디까지 오를까...KB증권 36만 원 제시 - 글로벌이코노믹,neutral,0.9855,0.0
005930,삼성전자,2026-05-20,파업 소식에 삼성전자 주가 '직격탄'...한때 4% 급락 - YTN,negative,0.9934,-0.9934
005930,삼성전자,2026-05-24,치솟는 목표 주가…59만전자·400만닉스 전망까지 - 세상을 바꾸는 시민언론 민들레,positive,0.9934,0.9934
005930,삼성전자,2026-05-27,“삼성전자 55만원·하이닉스 380만원”…이익에 비하면 아직 싸다 [오늘 나온 보고서] - 매일경제,neutral,0.9783,0.0
005930,삼성전자,2026-06-06,"'베라 루빈 쇼크'에 흔들린 삼전닉스…""노이즈일 뿐, 더 사라"" 이유는 - 연합인포맥스",negative,0.9926,-0.9926
005930,삼성전자,2026-06-18,"삼성전자, SK하이닉스, 언제부터 하락할까? - 네이버 프리미엄콘텐츠",negative,0.9905,-0.9905
005930,삼성전자,2026-03-31,"삼성전자, '터보퀀트 우려'에도 증권가 낙관론... 금일 주가는 하락 [주가동향] - 조세일보",positive,0.7089,0.7089
005930,삼성전자,2026-05-28,"[특징주] 삼성전자, 2.4% 하락 마감…SK하이닉스는 2% 올라(종합) - 연합뉴스",negative,0.9884,-0.9884
005930,삼성전자,2026-06-01,"""주가 61만원 간다""…삼성전자 또 역대급 전망에 '들썩' [종목+] - 한국경제",positive,0.9926,0.9926
005930,삼성전자,2026-05-08,“삼성전자 PER 역사적 최저 수준…지금 매도하는 건 실수” - 매일경제,negative,0.9849,-0.9849
005930,삼성전자,2026-05-21,삼전 8%대↑ 역대 최고가…주가 어디까지? 목표가 59만원도(종합2보) - 연합뉴스,positive,0.9933,0.9933
005930,삼성전자,2026-05-13,8% 오르내리며 롤러코스터 탄 삼성전자 주가…노사 협상 결렬 여파? 외인·개인 줄다리기 탓? - v.daum.net,negative,0.9863,-0.9863
005930,삼성전자,2026-03-31,“1분기 실적 나오면 분위기 바뀔 것”…삼전닉스 저가매수 타이밍이라는데 - 매일경제 마켓,positive,0.8689,0.8689
005930,삼성전자,2026-05-20,협상 결렬 소식에‥코스피·삼성전자 주가 '급락' - MBC 뉴스,negative,0.9932,-0.9932
005930,삼성전자,2026-05-12,"외국인 `팔자`에도 쏟아지는 장밋빛 전망…삼성전자, 주가 50만원 가능할까? - 매일신문",positive,0.9929,0.9929
000660,SK하이닉스,2026-03-02,“유가 100달러 전망까지”…삼성전자·SK하이닉스 주가 흔들까? [잇슈 머니] - KBS 뉴스,negative,0.7748,-0.7748
000660,SK하이닉스,2026-05-09,삼성전자·SK하이닉스 어디까지? 주가 움직이는 3가지 동력 - 비즈한국,neutral,0.9932,0.0
000660,SK하이닉스,2026-05-21,SK㈜ 주가상승동력 뺏어간 SK스퀘어…하이닉스 오를수록 몸값은 역설 - 인베스트조선,negative,0.9796,-0.9796
000660,SK하이닉스,2026-05-19,"SK하이닉스, 증권업계 목표주가 들쑥날쑥...그래도 현재가보단 오른다? - 오피니언뉴스",neutral,0.8822,0.0
000660,SK하이닉스,2026-05-29,"“여기서 더 오른다고?”…SK하이닉스, 목표주가 380만원 나온 이유는 - 매일경제",positive,0.9905,0.9905
000660,SK하이닉스,2026-05-09,"“고점론 시기상조… 코스피 영업익 60% 넘는 삼성전자·SK하이닉스, 주가는 45%에 불과” - 동아일보",neutral,0.62,0.0
000660,SK하이닉스,2025-10-10,창립 42년 SK하이닉스 주가 42만원…시총 300조 돌파 - 연합뉴스TV,positive,0.9931,0.9931
000660,SK하이닉스,2026-05-07,“300만원으로 상향 조정”... 하이닉스 주가 ‘묻고 더블로’ - 조선일보,positive,0.9936,0.9936
000660,SK하이닉스,2026-05-29,"KB증권, SK하이닉스 목표가 380만원 파격 상향…""이제 겨우 마라톤 5km 지점"" - 연합인포맥스",positive,0.9931,0.9931
000660,SK하이닉스,2026-05-28,더 오른다vs폭락한다…삼성전자·SK하이닉스 전망 엇갈리는 이유는? - 조세일보,negative,0.7282,-0.7282
000660,SK하이닉스,2026-05-07,'하이닉스 300만원·삼전 50만원'…증권가 잇단 목표가 상향 - 연합뉴스,positive,0.9937,0.9937
000660,SK하이닉스,2026-05-07,"""더 오른다"" vs ""사기엔 늦었다""…엇갈린 SK하이닉스 주가 전망 - 데일리안",negative,0.9188,-0.9188
000660,SK하이닉스,2026-05-12,"200만? 310만 원 갑니다…씨티, SK하이닉스 목표주가↑ - 문화일보",positive,0.9932,0.9932
000660,SK하이닉스,2026-05-24,치솟는 목표 주가…59만전자·400만닉스 전망까지 - 세상을 바꾸는 시민언론 민들레,positive,0.9934,0.9934
000660,SK하이닉스,2026-06-18,"삼성전자, SK하이닉스, 언제부터 하락할까? - 네이버 프리미엄콘텐츠",negative,0.9905,-0.9905
000660,SK하이닉스,2026-05-14,"또 오른 삼성전자·하이닉스 목표주가, 지금 주식 더 살까요 팔까요? (feat. 부자들의 매매법) - 뉴닉",positive,0.9086,0.9086
000660,SK하이닉스,2026-06-02,"""삼성이 돌아왔다""…SK하이닉스와 시총 다시 벌어지는 이유 - 연합인포맥스",positive,0.9593,0.9593
000660,SK하이닉스,2026-05-18,"24년 전 시트콤 속 '하이닉스 460원'…""지금까지 들고 있었다면?"" - 조선일보",neutral,0.9907,0.0
000660,SK하이닉스,2026-05-28,"딱 1,000% 상승한 하이닉스의 미래 - KBS 뉴스",positive,0.9926,0.9926
000660,SK하이닉스,2026-06-09,"""20% 조정은 단기 바닥""…SK하이닉스, 수요 가속국면 돌입 전망 - 연합인포맥스",positive,0.9932,0.9932
000660,SK하이닉스,2026-05-23,"“400만닉스 간다” 파격 전망에…목표주가 줄줄이 상향, 시총 3위 등극한 ‘이 주식’ - v.daum.net",positive,0.9937,0.9937
000660,SK하이닉스,2026-05-04,"외국인, 하이닉스 ADR상장 앞두고 쓸어담아 … '1000조닉스' 등극 - 매일경제 마켓",positive,0.993,0.993
000660,SK하이닉스,2026-06-17,"SK하이닉스 주가 사상 최고치 경신, 그 이유는? - Investing.com 한국어",positive,0.9917,0.9917
000660,SK하이닉스,2026-05-20,“하닉 196만원에 들어갔는데 상투일까요”…380만원 목표가 나와도 ‘불안’ - 매일경제,negative,0.9918,-0.9918
000660,SK하이닉스,2026-05-22,"“잠깐 숨 좀 고르고”…30만 신고가 쓴 삼성전자, SK하이닉스와 동반 하락 - 매일경제",negative,0.9911,-0.9911
000660,SK하이닉스,2026-06-08,하이닉스 주가 급락했는데 '레버리지' 기이한 폭등...주문 참사에 날벼락 [지금이뉴스] - YTN,negative,0.9901,-0.9901
000660,SK하이닉스,2026-05-07,[특징주] 삼성전자·SK하이닉스 상승 출발후 장중 하락전환 - 연합뉴스,negative,0.9919,-0.9919
000660,SK하이닉스,2026-04-17,"""엄마가 사준 3천만 원어치 하이닉스, 9억 원 됐다""…수익률 인증글 화제 - 연합뉴스TV",positive,0.9874,0.9874
000660,SK하이닉스,2026-05-26,"[특징주] SK하이닉스, 주가 200만원 돌파…삼성전자도 '30만전자' - 뉴스웍스",positive,0.9935,0.9935
000660,SK하이닉스,2026-05-12,"""50만전자·300만닉스 외치는데""...SK하이닉스엔 경고등? - 메트로신문",negative,0.9879,-0.9879
000660,SK하이닉스,2026-04-29,'200만 닉스' 이야기 나오는 와중...첫 SK하이닉스 목표주가 하향 의견 [지금이뉴스] - YTN,negative,0.9935,-0.9935
000660,SK하이닉스,2026-05-07,“어디까지 올라가는 거예요?”…SK하이닉스 300만원·삼성전자 50만원 전망 나왔다 - 더나은미래,neutral,0.9936,0.0
000660,SK하이닉스,2026-05-11,눈 뗄 수 없는 ‘삼전닉스’ 주가…24시간 ‘모니터링 사이트’ 있다고? - 농민신문,neutral,0.5928,0.0
000660,SK하이닉스,2026-05-27,“삼성전자 55만원·하이닉스 380만원”…이익에 비하면 아직 싸다 [오늘 나온 보고서] - 매일경제,neutral,0.9783,0.0
000660,SK하이닉스,2026-06-01,"“61만전자·400만닉스 간다”…SK증권, 목표주가 대폭 상향 [종목Pick] - v.daum.net",positive,0.9929,0.9929
000660,SK하이닉스,2026-05-07,"이번에는 증권가 “SK하이닉스 300만원, 삼성전자 50만원” 전망 - 조선비즈 - Chosunbiz",neutral,0.9915,0.0
000660,SK하이닉스,2026-04-23,[집중진단] SK하이닉스 '창사 이래 최대실적‘…주가 최고가 찍자 외국인·기관 “팔자” - v.daum.net,positive,0.7381,0.7381
000660,SK하이닉스,2026-04-26,"""엄마가 사준 하이닉스 주식, 3000만원→9억""…세금은? - 부산일보",neutral,0.9834,0.0
000660,SK하이닉스,2026-06-05,"[특징주] 삼성전자·SK하이닉스, 美 브로드컴 급락에 '하락' - 글로벌이코노믹",negative,0.9939,-0.9939
000660,SK하이닉스,2026-05-13,310만 원은 언제까지 유지될까… 자고 일어나면 올라가는 SK하이닉스 목표주가 - 주간동아,positive,0.9882,0.9882
000660,SK하이닉스,2026-05-06,"'SK하이닉스 뒷배' 든든한 SK스퀘어, 드디어 '황제주' 등극 [주가동향] - 조세일보",positive,0.9935,0.9935
000660,SK하이닉스,2026-04-25,"""지금이라도 들어가?""…하이닉스 목표가 234만원 전망 나왔다 - 조선일보",positive,0.8748,0.8748
000660,SK하이닉스,2026-05-17,시트콤 속 박영규가 보던 SK하이닉스 주가 ‘460원’…그때 샀으면 40만% 수익률 - 매일경제,positive,0.976,0.976
000660,SK하이닉스,2026-04-23,"""서프라이즈의 강도는 쎄지 않았다"" SK하닉, 오늘도 오르는데 팔까? - YTN",neutral,0.8962,0.0
000660,SK하이닉스,2026-05-07,"""더 오른다""…삼성전자 50만원·SK하이닉스 300만원 목표가 나왔다 By EBN - Investing.com 한국어",positive,0.7358,0.7358
000660,SK하이닉스,2026-04-27,SK하이닉스 ‘210만원’ 전망까지… 증권가 목표가 줄상향 - 중부매일,negative,0.9501,-0.9501
000660,SK하이닉스,2026-05-18,"""SK하이닉스 400만원 간다""…목표주가 잇따라 올리는 해외IB - 한국경제",positive,0.9925,0.9925
000660,SK하이닉스,2026-06-02,“이제라도 살까? 아직 늦지 않았어” 증권가 삼전·하닉 목표가 줄상향 - 문화일보,positive,0.9907,0.9907
000660,SK하이닉스,2026-05-11,[머니톡스] 격동의 하이닉스②…황제주로 탈바꿈한 '개미 무덤' - 매일경제 마켓,positive,0.8173,0.8173
000660,SK하이닉스,2026-05-18,"23년 전 시트콤 속 하이닉스 주가 '460원'… ""그때 샀으면 수익률 40만%"" - 한국일보",positive,0.7618,0.7618
035420,NAVER,2026-05-14,"역대 최대 매출 달성한 네이버 주가 전망, 근데 왜 주가는 안 오를까? - 네이버 프리미엄콘텐츠",positive,0.8583,0.8583
035420,NAVER,2026-04-16,“실적은 버티는데 주가는 왜”…네카오 눈높이 낮춘 증권가 - 매일경제 마켓,negative,0.991,-0.991
035420,NAVER,2026-03-09,"[특징주] 네이버, 주가는 '숨 고르기'…실전 배송·AI로 반격 나선다 - 글로벌이코노믹",negative,0.6714,-0.6714
035420,NAVER,2025-12-03,"네이버 주가, InvestingPro의 공정가치 신호 후 64% 급등 By Investing.com - Investing.com 한국어",positive,0.9933,0.9933
035420,NAVER,2025-12-03,"1년전 네이버 주가 딱 맞혔다, 족집게 애널리스트 8인 누구 - 중앙일보",neutral,0.9853,0.0
035420,NAVER,2026-03-20,[특징주] 리사 수도 못 살리는 NAVER 주가....지지부진 흐름 지속 - 아시아타임즈,negative,0.9932,-0.9932
035420,NAVER,2026-05-29,NAVER(네이버) 주가 급등…22만원선 넘었다 - CBC뉴스,positive,0.9931,0.9931
035420,NAVER,2026-03-06,"네이버 주가 전망 분석: 검색 점유율 하락, AI 시대 경쟁 심화, 광고 의존 구조 한계와 26년 NAVER 투자 리스크 - Naver Blog",negative,0.9891,-0.9891
035420,NAVER,2025-09-27,"네이버 웃고 카카오 울고…주가 희비 교차한 성장주, 왜? - 매일경제",positive,0.6294,0.6294
035420,NAVER,2026-05-08,"카카오·네이버 1분기 호실적, 주가는 지지부진? - 네이버 프리미엄콘텐츠",negative,0.9856,-0.9856
035420,NAVER,2025-12-03,삼성전자 파는 초고수…NAVER는 ‘줍줍’[주식 초고수는 지금] - 매일경제,neutral,0.7354,0.0
035420,NAVER,2026-04-06,"NAVER, ‘탈팡’ 반사 수혜에도 목표가 하향…이유는? - 매일경제 마켓",negative,0.9935,-0.9935
035420,NAVER,2026-04-02,3년만에 가장 싸게 살 수 있는 주식. - 네이버 프리미엄콘텐츠,neutral,0.5262,0.0
035420,NAVER,2026-05-18,올해 들어 주가가 140% 상승한 삼성 E&A 주가 전망 - 네이버 프리미엄콘텐츠,positive,0.9937,0.9937
035420,NAVER,2026-05-24,예스티 주가 급등에 EB 투자자 '미소'…오버행 부담 변수 : 네이버 블로그 - Naver Blog,positive,0.9427,0.9427
035420,NAVER,2026-05-24,"[시프트업 밸류에이션 점검] 주가는 반토막, 임원은 차익 실현…주주는 '오버행' 부담 : 네이버 블로그 - Naver Blog",negative,0.9882,-0.9882
035420,NAVER,2026-05-09,AAON ① 주가 하루 만에 51% 폭등해 52주 신고가 - 네이버 프리미엄콘텐츠,positive,0.9936,0.9936
035420,NAVER,2026-04-30,"[NAVER] NAVER, 광고보다 커머스가 더 기대되는 흐름이 열렸다(2026년_1Q) - 네이버 프리미엄콘텐츠",positive,0.8804,0.8804
035420,NAVER,2026-03-31,"SK하이닉스 주가 전망, ADR 상장이 더 주가를 상승시킬 수 있을까? - 네이버 프리미엄콘텐츠",positive,0.9048,0.9048
035420,NAVER,2026-03-09,"코츠테크놀로지 주가, 방산수출 증가로 수주잔고 확대 : 네이버 블로그 - Naver Blog",positive,0.9936,0.9936
035420,NAVER,2026-06-09,[주식도락] 젠슨 황 다녀간 NAVER 주가 '뚝'…목표가 띄운 증권가 '머쓱' - 뉴스드림,negative,0.9938,-0.9938
035420,NAVER,2026-04-03,수성웹툰 주가 전망 하락 이유 결국 이것... - 네이버 프리미엄콘텐츠,negative,0.9931,-0.9931
035420,NAVER,2025-11-27,“두나무 품은 네이버 주가 더 간다”…증권사 전망 들어보니 - 매일경제,positive,0.9754,0.9754
035420,NAVER,2025-11-24,"네이버에 몰린 빚투 7100억…""주가 안 오르는데 왜?"" - 이투데이",negative,0.9929,-0.9929
035420,NAVER,2025-11-20,"원익QnC 주가, 4분기 실적 개선 예고에 지금이 기회일까?! : 네이버 블로그 - Naver Blog",positive,0.9931,0.9931
035420,NAVER,2026-05-01,"5월, 주식을 팔아야 할까요? - 네이버 프리미엄콘텐츠",neutral,0.9932,0.0
035420,NAVER,2026-01-12,"엘앤케이바이오 주가, 320억 규모 CB 발행 결정한 이유는.. - Naver Blog",neutral,0.9647,0.0
035420,NAVER,2025-12-09,네이버-두나무 ‘빅딜’에도 주가는 지지부진…투자자 설득이 관건 - 이투데이,negative,0.9893,-0.9893
035420,NAVER,2026-01-13,"상한가(1월13일), 화요일 자동차부품주가 떠오른 이유는?? : 네이버 블로그 - Naver Blog",positive,0.9899,0.9899
035420,NAVER,2025-11-12,"SK네트웍스 주가, AI중심 사업지주회사로 전환 중!! - Naver Blog",positive,0.6486,0.6486
035420,NAVER,2025-11-17,"테스 주가, 고객사들의 신규 투자에 성장 모멘텀 UP - Naver Blog",positive,0.9937,0.9937
035420,NAVER,2026-05-29,아직 오르지 못한 우주 주식 - 네이버 프리미엄콘텐츠,negative,0.7201,-0.7201
035420,NAVER,2025-10-30,"빙그레 주식 투자 해볼까? 주가전망, 차트분석, 3분기 실적, 호재, 여행객 인기상품 바나나우유, 메로나 수출 - Naver Blog",neutral,0.907,0.0
035420,NAVER,2026-05-12,"[롯데케미칼] 롯데케미칼 주가, 흑자 전환에도 중국 증설 리스크가 남은 이유 (2026_1Q) - 네이버 프리미엄콘텐츠",positive,0.9062,0.9062
035420,NAVER,2026-03-30,펄어비스 주가 전망 : 붉은 사막 출시 후 주가 50% 이상 상승 지속 중 - 네이버 프리미엄콘텐츠,positive,0.9937,0.9937
035420,NAVER,2026-02-04,"칩스앤미디어 주가, 역대 최고 실적 달성 전망이 나왔다 : 네이버 블로그 - Naver Blog",positive,0.9916,0.9916
035420,NAVER,2026-04-27,"[ISC] ISC 주가 전망, AI GPU 테스트 소켓 수혜가 본격화되는 이유 (2026_1Q) - 네이버 프리미엄콘텐츠",positive,0.9926,0.9926
035420,NAVER,2026-06-09,[ET특징주] 젠슨 황 출국과 함께… LG전자·네이버 주가 하락 - 전자신문,negative,0.9932,-0.9932
035420,NAVER,2026-04-03,"[리포트 브리핑]NAVER, '힘든 시기지만, 과도한 주가 하락' 목표가 320,000원 - NH투자증권 - 뉴스핌",negative,0.963,-0.963
035420,NAVER,2025-06-23,한성숙 장관 지명에 네이버 주가 '불기둥'…개미들 '환호' [종목+] - 한국경제,positive,0.9926,0.9926
035420,NAVER,2026-04-15,"1년만에 1400% 상승한 우리기술 주가 전망, 전력 및 SMR 수혜주 - 네이버 프리미엄콘텐츠",positive,0.9936,0.9936
035420,NAVER,2025-11-24,주가는 안 오르고 이자는 쌓이고… 네이버 빚투족 ‘한숨’ - 조선비즈 - Chosunbiz,negative,0.9922,-0.9922
035420,NAVER,2026-04-24,"[현대글로비스] 현대글로비스 주가 전망, 2026년은 자동차선 증설 효과가 본격 반영되는 해(2026년_1Q) - 네이버 프리미엄콘텐츠",positive,0.6634,0.6634
035420,NAVER,2025-11-19,"엘앤씨바이오 주가, 스킨부스터 '리투오' 성장에 힘입어 3분기 깜짝 실적!! : 네이버 블로그 - Naver Blog",positive,0.9937,0.9937
035420,NAVER,2026-06-15,"[LS] LS 주가, 전력 슈퍼사이클과 AI 데이터센터 수혜로 리레이팅될까 (2026_1Q) - 네이버 프리미엄콘텐츠",positive,0.9931,0.9931
035420,NAVER,2025-10-21,"삼화콘덴서 주가, AI관련 투자가 증가하면서 부품 수요 확대!! - Naver Blog",positive,0.9936,0.9936
035420,NAVER,2026-04-03,"[이노스페이스] 이노스페이스 주가를 다시 봐야 하는 이유, 우주경제 기대감보다 하반기 3회 발사가 더 중요한 진짜 변수이기 때문이다(2025년_4Q) - 네이버 프리미엄콘텐츠",neutral,0.9888,0.0
035420,NAVER,2026-02-09,"메쎄이상 주가, 2026년 주목해야 할 이벤트 체크 : 네이버 블로그 - Naver Blog",neutral,0.9932,0.0
035420,NAVER,2026-06-08,[속보] NAVER(네이버) 주가 급등세로 전환…VI 발동되기도 - CBC뉴스,positive,0.9926,0.9926
035420,NAVER,2026-05-25,[케이뱅크 2.0]우리銀과 미묘해진 동행…케이뱅크 주가 방어 부담 - Naver Blog,negative,0.993,-0.993
005935,삼성전자우,2026-03-07,"외국인 가장 많이 산 주식 '삼성전자우'…""11만원이면 싸다""[종목현미경] - 뉴스1",positive,0.9586,0.9586
005935,삼성전자우,2026-01-22,"[특징주] ‘16만전자’ 찍은 삼성전자, 우선주 포함 시총 1000조원 넘었다 - 조선비즈 - Chosunbiz",positive,0.9925,0.9925
005935,삼성전자우,2026-05-11,"[특징주] 삼성전자우, 사상 최고가 경신··· 7%대 상승 - 전국매일신문",positive,0.9937,0.9937
005935,삼성전자우,2026-01-05,"삼성전자우, 10만원 넘어서며 '형 만한 아우' 입증 - 월요신문",positive,0.9701,0.9701
005935,삼성전자우,2026-06-01,보통주와 키 맞추기?…상대적으로 덜 오른 우선주 급등세 - 연합뉴스,positive,0.9765,0.9765
005935,삼성전자우,2026-02-13,"연이틀 신고가 삼성 ""20만전자 가자""...우선주도 시총 100조 돌파 '3위' - 머니투데이 - 머니투데이",positive,0.9937,0.9937
005935,삼성전자우,2026-06-05,"""값이 다른 삼성전자 주식""…보통주·우선주 다른 이유[주린이 투자지침서] - v.daum.net",neutral,0.9918,0.0
005935,삼성전자우,2026-03-12,"널뛰기 장세 속, 외국인 장바구니 살펴보니...삼성전자 VS 삼성전자우 엇갈려 - 동양뉴스",neutral,0.5726,0.0
005935,삼성전자우,2026-03-06,"폭락장에 돌아온 외국인, 삼전 보통주 팔고 우선주 담은 이유 - 비즈워치",neutral,0.5188,0.0
005935,삼성전자우,2025-09-24,삼성전자보다 싸고 배당 더 많이 받는다…고수들 눈 돌린 곳이 [종목+] - 한국경제,positive,0.5724,0.5724
005935,삼성전자우,2025-10-12,"삼성전자, '10만전자' 기대감 속 우선주 괴리율 21% 확대...우선주 ‘저평가 심화' - 글로벌이코노믹",positive,0.9934,0.9934
005935,삼성전자우,2025-09-24,“어떻게든 탑승” 삼성전자 ‘9만원’ 넘보자…배당 노린 우선주 ‘줍줍’ [투자360] - 헤럴드경제,neutral,0.8948,0.0
005935,삼성전자우,2026-01-15,보통주 급등할 때 ‘줍줍’할 기회?···괴리율 높은 우선주 찾아보니 - 시사저널e,neutral,0.9873,0.0
005935,삼성전자우,2026-05-02,삼성전자우 투자분석 2026. 05. 02 - 주달,neutral,0.9889,0.0
005935,삼성전자우,2026-03-06,"삼성전자우 주가, 3월 6일 장중 121,200원 5.75% 하락 - 톱스타뉴스",negative,0.9912,-0.9912
005935,삼성전자우,2025-12-23,“덜 올랐는데 배당은 똑같네”…外人 삼성전자 보통주 팔고 우선주 샀다 - 조선비즈 - Chosunbiz,neutral,0.9824,0.0
005935,삼성전자우,2026-05-14,시세차익·배당 모두 챙겨볼까…삼성전자우 쓸어담는 개미들 - v.daum.net,positive,0.9882,0.9882
005935,삼성전자우,2025-11-13,"삼성전자, 주가반등에 우선주 포함 시총 비중 20%대 회복…13개월만 - 동양뉴스",positive,0.9936,0.9936
005935,삼성전자우,2026-03-22,삼성전자우 투자분석 2026. 03. 22 - 주달,neutral,0.9825,0.0
005935,삼성전자우,2026-03-07,최근 5거래일 삼성전자우 주가 큰 등락 반복 - 톱스타뉴스,neutral,0.9524,0.0
005935,삼성전자우,2025-07-30,7만전자 회복에…삼성전자 우선주 괴리율 연중 최고 - 뉴시스,positive,0.9935,0.9935
005935,삼성전자우,2026-02-04,삼성전자 주가 ‘17만 원대’ 눈앞… 단일 주식 첫 시총 1000조 돌파 - 부산일보,positive,0.9936,0.9936
005935,삼성전자우,2026-04-06,"[장중수급포착] 삼성전자우, 외국인/기관 동시 순매수… 주가 +5.55% - 뉴스핌",positive,0.9936,0.9936
005935,삼성전자우,2026-04-07,삼성전자우 투자분석 2026. 04. 07 - 주달,neutral,0.9867,0.0
005935,삼성전자우,2026-02-26,"삼성전자우 주가, 2월 26일 장중 149,700원 5.20% 상승 - 톱스타뉴스",positive,0.9931,0.9931
005935,삼성전자우,2026-02-24,"삼성전자우 주가, 2월 24일 장중 140,700원 3.38% 상승 - 톱스타뉴스",positive,0.9931,0.9931
005935,삼성전자우,2026-01-20,"연기금, 국내 주식 비중 한계에도…'삼전우·현대모비스' 더 담았다 - 뉴스1",neutral,0.9935,0.0
005935,삼성전자우,2026-02-13,"삼성전자우 주가, 2월 13일 장중 125,900원 3.11% 상승 - 잡포스트",positive,0.9931,0.9931
005935,삼성전자우,2026-02-13,"삼성전자우 주가, 2월 13일 장중 126,900원 3.93% 상승 - 톱스타뉴스",positive,0.9932,0.9932
005935,삼성전자우,2026-03-04,"삼성전자우 주가, 3월 4일 114,800원 11.15% 하락 마감 - 톱스타뉴스",negative,0.993,-0.993
005935,삼성전자우,2026-01-03,삼성전자우 투자분석 2026. 01. 03 - 주달,neutral,0.9866,0.0
005935,삼성전자우,2025-12-18,삼성전자우 투자분석 2025. 12. 18 - 주달,neutral,0.9729,0.0
005935,삼성전자우,2025-09-12,[랭킹연구소] 이재용 주식재산 18조 돌파 ‘상속 이후 최고치’…삼성전자·삼성물산·삼성생명·삼성SDS·삼성E&A·삼성화재·삼성전자우 총 7개 보유 - 뉴스스페이스,neutral,0.5459,0.0
005935,삼성전자우,2026-02-19,"삼성전자우 주가, 2월 19일 장중 135,300원 6.03% 상승 - 톱스타뉴스",positive,0.9931,0.9931
005935,삼성전자우,2026-01-29,"삼성전자우 주가, 1월 29일 장중 120,200원 1.95% 상승 - 톱스타뉴스",positive,0.9931,0.9931
005935,삼성전자우,2026-05-10,삼성전자우 투자분석 2026. 05. 10 - 주달,neutral,0.9822,0.0
005935,삼성전자우,2025-12-17,"[분석] 외국인이 찜했다… 삼성전자우, '가성비' 매력에 보통주보다 더 산다 - 톱스타뉴스",positive,0.7944,0.7944
005935,삼성전자우,2026-02-04,"삼성전자우 주가, 2월 4일 100원 0.08% 내림세로 마감 - 톱스타뉴스",negative,0.993,-0.993
005935,삼성전자우,2026-05-23,5월 3주차 삼성전자우 주가 등락 거듭 후 18만원대 마감 - 톱스타뉴스,neutral,0.5959,0.0
005935,삼성전자우,2026-04-23,"""역대 최대 실적인데""…초고수들 '삼전닉스' 서둘러 던진 이유 [마켓PRO] - 한국경제",positive,0.6634,0.6634
005935,삼성전자우,2026-04-07,삼성전자우 투자분석 2026. 04. 07 - 주달,neutral,0.9867,0.0
005935,삼성전자우,2026-03-11,[영상] 자사주 소각 호재…고수들은 삼성전자·SK 순매수 [주식 초고수는 지금] - 서울경제,positive,0.9816,0.9816
005935,삼성전자우,2026-02-20,"삼성전자우 주가, 2월 20일 135,100원 1.20% 상승 마감 - 톱스타뉴스",positive,0.9932,0.9932
005935,삼성전자우,2026-03-25,"삼성전자우 주가, 3월 25일 장중 138,650원 3.39% 상승 - 톱스타뉴스",positive,0.9931,0.9931
005935,삼성전자우,2026-04-10,"삼성전자우 주가, 4월 10일 장중 140,200원 1.82% 상승 - 톱스타뉴스",positive,0.9931,0.9931
005935,삼성전자우,2026-05-18,"삼성전자우 주가, 5월 18일 장중 182,000원 1.45% 상승 - 톱스타뉴스",positive,0.9932,0.9932
005935,삼성전자우,2026-03-18,"삼성전자우 주가, 3월 18일 장중 147,400원 4.54% 상승 - 톱스타뉴스",positive,0.9931,0.9931
005935,삼성전자우,2026-02-04,삼성전자우 투자분석 2026. 02. 04 - 주달,neutral,0.9886,0.0
005935,삼성전자우,2026-03-26,"삼성전자우 주가, 3월 26일 장중 129,700원 2.92% 하락 - 톱스타뉴스",negative,0.9918,-0.9918
005935,삼성전자우,2026-02-27,"삼성전자우 주가, 2월 27일 장중 143,400원 3.56% 하락 - 톱스타뉴스",negative,0.9915,-0.9915
373220,LG에너지솔루션,2026-06-02,"현 주가도 비싸다…LS證 ""LG엔솔 적정가 39만7천원"" - 연합인포맥스",neutral,0.4754,0.0
373220,LG에너지솔루션,2026-05-28,"LG에너지솔루션 주가 장중 13% 상승, 미국 에너지기업과 ESS 공급계약 - 비즈니스포스트",positive,0.9938,0.9938
373220,LG에너지솔루션,2026-04-09,"LG에너지솔루션, 증권사 목표가 상향에 강세…3.2% - 매일경제 마켓",positive,0.9936,0.9936
373220,LG에너지솔루션,2026-05-07,"[실적 후] LG에너지솔루션, 2분기부터 실적 회복 전망… EV·ESS 반등 기대 - 인포스탁데일리",positive,0.9933,0.9933
373220,LG에너지솔루션,2026-04-27,"삼성SDI 수익률, LG엔솔의 6배…도대체 왜? [정답은 TSR] - 한국금융신문",positive,0.7952,0.7952
373220,LG에너지솔루션,2026-05-06,"""성장통 끝"" LG엔솔, 46시리즈·ESS로 목표가 55만원 - 경제타임스",positive,0.9485,0.9485
373220,LG에너지솔루션,2025-10-01,"LG화학, LG엔솔 지분 매각 2조원 확보…″기업가치 제고″ - 연합뉴스TV",positive,0.9922,0.9922
373220,LG에너지솔루션,2026-05-07,"[LG에너지솔루션] LG에너지솔루션, 46시리즈 수주가 440GWh까지 늘어난 이유(2026년_1Q) - 네이버 프리미엄콘텐츠",positive,0.9936,0.9936
373220,LG에너지솔루션,2026-02-26,"""LG에너지솔루션, 올해 ESS 시황 기대 이상…목표가↑""-KB - 한국경제",positive,0.9934,0.9934
373220,LG에너지솔루션,2026-03-30,LG에너지솔루션 목표주가 57만원 유지…“1분기 컨센서스 소폭 하회 전망” - 파이낸셜투데이,negative,0.9884,-0.9884
373220,LG에너지솔루션,2026-03-30,[헬로스톡] 3월 30일 주목할 종목: 삼성전자·LG에너지솔루션·한미글로벌·펄어비스 - 헬로티,neutral,0.9862,0.0
373220,LG에너지솔루션,2026-05-28,'대장주의 몰락' 눈물 닦고 모처럼 상승…분위기 '주도' - v.daum.net,positive,0.9831,0.9831
373220,LG에너지솔루션,2026-06-05,"LG에너지솔루션, ‘반등’ 기회 찾을까 - 시사위크",positive,0.9522,0.9522
373220,LG에너지솔루션,2026-05-31,[LG가 달라졌어요③] ESS수주로 전기차 캐즘 넘어서는 LG엔솔 - 연합인포맥스,positive,0.9878,0.9878
373220,LG에너지솔루션,2026-04-21,"삼성SDI LG에너지솔루션 주가 장중 나란히 9%대 올라, 벤츠와 배터리 협력 - 비즈니스포스트",positive,0.9934,0.9934
373220,LG에너지솔루션,2026-04-21,삼성SDI도 벤츠 뚫었는데…초고수들 LG엔솔만 쓸어담은 이유 [마켓PRO] - 한국경제,neutral,0.9238,0.0
373220,LG에너지솔루션,2026-05-04,"""적자인데 바닥 찍었다""…60만원대 올라선 목표가 - v.daum.net",positive,0.993,0.993
373220,LG에너지솔루션,2026-04-03,"LG에너지솔루션 '2차전지 대장주' 복귀하나, 실적 기대감에 구광모 미국 찾아 힘 실어 - 비즈니스포스트",positive,0.9921,0.9921
373220,LG에너지솔루션,2026-02-28,글로벌 큰손 4000억 쓸어담더니…한 달 만에 34% '급등' [종목+] - 한국경제,positive,0.9933,0.9933
373220,LG에너지솔루션,2026-03-24,"[오늘의 주목주] '2차전지주 강세' LG에너지솔루션 주가 10%대 상승, 코스닥 원익IPS도 15%대 올라 - 비즈니스포스트",positive,0.9935,0.9935
373220,LG에너지솔루션,2026-05-06,"유진투자 ""LG에너지솔루션 목표주가 상향, ESS·원통형 배터리 매출 증가"" - 비즈니스포스트",positive,0.9936,0.9936
373220,LG에너지솔루션,2026-03-31,"""역대급 주가 저평가"" 지적에도…LG화학 주총서 팰리서 제안 부결 - 지디넷코리아",neutral,0.9618,0.0
373220,LG에너지솔루션,2026-05-04,"LG화학, 엔솔 지분 블록딜 채비…규모·시점·용처 예의주시 - 인베스트조선",neutral,0.9922,0.0
373220,LG에너지솔루션,2026-03-12,"[오늘의 주목주] '에너지주 강세' LG에너지솔루션 3%대 상승, 코스닥 에임드바이오도 7%대 올라 - 비즈니스포스트",positive,0.9934,0.9934
373220,LG에너지솔루션,2026-05-28,"[특징주] LG에너지솔루션, 美 2조4000억원 ESS 공급 계약에 급등 - 에너지경제신문",positive,0.9938,0.9938
373220,LG에너지솔루션,2026-04-08,"[모닝 리포트] ""LG에너지솔루션, 오버행 리스크 해소…테슬라·ESS 기대"" - 뉴스핌",positive,0.9904,0.9904
373220,LG에너지솔루션,2026-05-04,"[모닝 리포트] ""LG에너지솔루션, 지정학적 리스크가 기회…목표가 47만원"" - 뉴스핌",positive,0.9637,0.9637
373220,LG에너지솔루션,2026-05-11,"iM증권, LG엔솔 목표주가↑…""미국 ESS 시장 수요 견조할 것"" - 연합뉴스",positive,0.9934,0.9934
373220,LG에너지솔루션,2026-05-28,[THE COMPASS] LG엔솔 ‘약점’ 드러낸 삼성SDI 수익성 ‘집착’ 전략 - 한국금융신문,negative,0.989,-0.989
373220,LG에너지솔루션,2026-05-11,"“LG에너지솔루션, ESS 수주가 다 찼다…영업이익은 4분기에 흑자전환 예상” - 뉴스퀘스트",positive,0.9937,0.9937
373220,LG에너지솔루션,2026-04-22,"JP모건 ""LFP 선두주자로 목표가 51만원""…LG엔솔 2.8%↑ [핫종목] - 뉴스1",positive,0.9615,0.9615
373220,LG에너지솔루션,2026-04-21,"LG에너지솔루션 주가, 4월 21일 장중 465,000원 8.39% 상승 - 톱스타뉴스",positive,0.9933,0.9933
373220,LG에너지솔루션,2026-04-20,"LG에너지솔루션 주가, 4월 20일 장중 430,500원 2.99% 상승 - 톱스타뉴스",positive,0.9934,0.9934
373220,LG에너지솔루션,2026-04-08,[헬로스톡] 4월 8일 주목할 종목: 현대건설·LG에너지솔루션·SK텔레콤·대덕전자 - 헬로티,neutral,0.9783,0.0
373220,LG에너지솔루션,2026-04-09,"""LG에너지솔루션, 2분기부터 ESS로 매출-이익 개선 가능할 듯"" - 금융소비자뉴스",positive,0.9936,0.9936
373220,LG에너지솔루션,2026-04-20,LG에너지솔루션 투자분석 2026. 04. 20 - 주달,neutral,0.9815,0.0
373220,LG에너지솔루션,2026-02-27,"LG에너지솔루션 삼성SDI ‘미국 ESS 훈풍’에 실적 온기 돌까, 관세발 중국 굴기·안갯속 전기차에 ‘기대반 우려반’ - 허프포스트코리아",neutral,0.7508,0.0
373220,LG에너지솔루션,2025-10-13,LG엔솔만 흑자…K배터리 반등은 내년 이후 - v.daum.net,positive,0.9922,0.9922
373220,LG에너지솔루션,2026-05-05,다시 뛰는 이차전지주…AI발 ESS 기대에 주가 ‘풀충전’ - 이코노미스트,positive,0.9935,0.9935
373220,LG에너지솔루션,2026-04-08,"iM證 ""LG에너지솔루션, 1분기 저점으로 ESS 중심 실적 회복 전망"" - 이투데이",positive,0.993,0.993
373220,LG에너지솔루션,2026-05-28,"[ET특징주] LG엔솔, 2.4조 규모 美 ESS 공급 계약… 주가 14% 상승 - 전자신문",positive,0.9936,0.9936
373220,LG에너지솔루션,2026-05-25,가전 떼고 AI·로봇 단 LG그룹株… 만년 저평가 딱지 떼고 상승 랠리 - 조선비즈 - Chosunbiz,positive,0.9936,0.9936
373220,LG에너지솔루션,2026-05-06,"LG에너지솔루션, 2분기 본격적인 턴어라운드 기대 - 알파경제",positive,0.9935,0.9935
373220,LG에너지솔루션,2026-02-26,"LG에너지솔루션, 호주 라이온타운 지분 7.5% 전량 매각...4,200억 원 규모 - 글로벌이코노믹",neutral,0.992,0.0
373220,LG에너지솔루션,2026-04-21,LG에너지솔루션 주가 기호지세 …LFP 시대 본격 개막 - 핀포인트뉴스,positive,0.9923,0.9923
373220,LG에너지솔루션,2026-06-05,"LG에너지솔루션, 실적 개선 기대감에 목표주가 상향 - 2news.co.kr",positive,0.9936,0.9936
373220,LG에너지솔루션,2026-05-28,"[특징주] LG엔솔, 장초반 10%대 급등…미국향 ESS 공급계약 호재 - 연합뉴스",positive,0.9938,0.9938
373220,LG에너지솔루션,2026-03-05,"LG에너지솔루션 주가, 3월 5일 371,500원 6.91% 상승 마감 - 톱스타뉴스",positive,0.9933,0.9933
373220,LG에너지솔루션,2026-04-08,"""LG에너지솔루션, 영업적자 기록했으나 ESS로 반등 전망""-하나 - 머니투데이 - 머니투데이",positive,0.984,0.984
373220,LG에너지솔루션,2026-03-30,"오버행 부담에도 상승한 LG엔솔…""가격 매력 크다"" - KB Think",positive,0.9922,0.9922
207940,삼성바이오로직스,2026-04-30,박스권 갇힌 삼성바이오로직스 주가…공매도 늘고 수주는 줄었다 - 인베스트조선,negative,0.9934,-0.9934
207940,삼성바이오로직스,2026-05-07,[알아BIO] ’파업 리스크’에 떨고 있는 삼성바이오… 주가·수주 ’비상등’ - 연합뉴스TV,negative,0.9934,-0.9934
207940,삼성바이오로직스,2026-04-29,"삼성바이오로직스-셀트리온, 역대급 매출에도 주식 흐름 '극과 극' - 매일일보",negative,0.9856,-0.9856
207940,삼성바이오로직스,2026-04-02,"[특징주] 삼성바이오로직스, '160만 원' 벽 뚫었다.... 목표주가 210만원 - 글로벌이코노믹",positive,0.9928,0.9928
207940,삼성바이오로직스,2026-05-11,"길어지는 노조 투쟁에 … 삼성바이오로직스, 주가도 실적도 '경고등' - 뉴데일리",negative,0.9935,-0.9935
207940,삼성바이오로직스,2026-04-03,"삼성바이오로직스, 올해 실적 전망 좋은데...변수는 노사 갈등 [주가동향] - 조세일보",neutral,0.9152,0.0
207940,삼성바이오로직스,2026-04-23,"삼성바이오로직스, 실적 좋은데 목표가는 ‘뚝’…이유는 ‘현금 흐름’ - 매일경제",negative,0.99,-0.99
207940,삼성바이오로직스,2026-05-28,"삼전은 풀렸는데 삼바는…갈등 깊어진 노사, 주가까지 뒤흔든다 - 중앙일보",negative,0.9924,-0.9924
207940,삼성바이오로직스,2026-05-22,"삼성바이오로직스 목표가 하향 리포트 왜?…""노조 리스크, 실적에 부담"" - 더구루",negative,0.9938,-0.9938
207940,삼성바이오로직스,2026-04-23,"삼성證 “삼성바이오로직스, 1분기 실적 견고하지만, 수주 정체…목표가 4.5% 하향"" - 조선비즈 - Chosunbiz",negative,0.9937,-0.9937
207940,삼성바이오로직스,2026-05-06,"삼성바이오 커지는 손실…""주가는요?"" 주주들 부글 - 뉴시스",negative,0.9926,-0.9926
207940,삼성바이오로직스,2026-04-23,"[모닝 리포트] ""삼성바이오로직스, 주가에 우려 과도 반영…목표가 220만원"" - 뉴스핌",positive,0.9814,0.9814
207940,삼성바이오로직스,2026-05-29,"삼성바이오로직스 23개 배치 드랍, 호재-악재 속 손익계산서는? - 팜뉴스",neutral,0.7066,0.0
207940,삼성바이오로직스,2026-04-23,"호실적 냈지만, 코스피 축제선 소외된 삼성바이오 - 한국경제",negative,0.9919,-0.9919
207940,삼성바이오로직스,2026-05-06,"삼성바이오로직스, 첫 파업에 실적 흔들…수주까지 ‘빨간불’ - 메디코파마",negative,0.9935,-0.9935
207940,삼성바이오로직스,2025-11-24,"삼성바이오, 변경상장 첫 날…주가 상승 기대감 '쑥' - MTN 머니투데이방송",positive,0.9932,0.9932
207940,삼성바이오로직스,2026-04-23,"IBK투자 ""삼성바이오로직스, 하반기 실적 가이던스 상향 무게"" - 연합뉴스",positive,0.9931,0.9931
207940,삼성바이오로직스,2025-10-28,"삼성바이오, 거래정지 D-2...""품절주 효과 보유 유리"" [마켓딥다이브] - v.daum.net",positive,0.7174,0.7174
207940,삼성바이오로직스,2026-04-10,삼성바이오로직스 노조 '거위 배' 가르나…글로벌 1위 위상 '와르르' 우려 - 더구루,negative,0.9923,-0.9923
207940,삼성바이오로직스,2026-05-21,"삼성증권 ""삼성바이오로직스, 인건비 증가분 반영…목표가↓"" - 연합뉴스",negative,0.7432,-0.7432
207940,삼성바이오로직스,2026-04-23,"[키-리포트] NH ""삼성바이오로직스, 주가 반등 시점은 하반기"" - 뉴스드림",positive,0.9842,0.9842
207940,삼성바이오로직스,2025-11-24,"""내 주식 사라졌다""…재상장한 삼성바이오, 단주 처리 놓고 혼란 - 서울경제",negative,0.9786,-0.9786
207940,삼성바이오로직스,2026-04-02,"“200만원 넘는다”...미국 공장 접수한 삼성바이오, 목표주가 상향 [오늘, 이 종목] - v.daum.net",positive,0.9938,0.9938
207940,삼성바이오로직스,2026-04-28,"삼성바이오, 최대 실적에도 노조 리스크 부각…주가 150만원대 약세 - 산경투데이",negative,0.9937,-0.9937
207940,삼성바이오로직스,2026-05-09,[듣는뉴스/알아BIO] 파업 앞둔 삼성바이오…주가·수주 ’비상등’ - 연합뉴스TV,negative,0.9929,-0.9929
207940,삼성바이오로직스,2026-05-06,"""삼성바이오, 파업으로 실적 기대치 낮춰야…주가 영향 불가피""-키움 - 머니투데이 - 머니투데이",negative,0.9934,-0.9934
207940,삼성바이오로직스,2026-05-10,"파업에 주가는 ‘털썩’, 노조는 ‘억대 보상’ 요구…삼성바이오 개미들 ‘분노 폭발’ - 헤럴드경제",negative,0.9931,-0.9931
207940,삼성바이오로직스,2026-06-18,충격! 삼성바이오 주가 폭등의 진짜 이유 (지금 사도 될까?) - 서울경제,negative,0.9886,-0.9886
207940,삼성바이오로직스,2026-05-06,"“삼성바이오, 파업 영향 현실화…2분기 실적 기대치 낮춰야” - 매일경제",negative,0.992,-0.992
207940,삼성바이오로직스,2026-05-05,삼성바이오로직스 주가 전 거래일 기준 1.02% 상승…노사 갈등 영향 - 톱스타뉴스,positive,0.8871,0.8871
207940,삼성바이오로직스,2026-05-28,"[데스크라인] 삼성바이오 노사, 이제는 출구 찾아야 - 전자신문",neutral,0.6787,0.0
207940,삼성바이오로직스,2026-04-23,"삼성바이오로직스, 호실적에도 주가 내려가는 까닭 - 한국경제TV",negative,0.9912,-0.9912
207940,삼성바이오로직스,2026-04-10,[삼성바이오 IPO 10년] 기업가치 10배 성장...그룹 시총 2위 계열사 우뚝 - 딜사이트,positive,0.9933,0.9933
207940,삼성바이오로직스,2026-05-27,"KB證 ""삼성바이오로직스, 목표주가 190만원…압도적 마진에 주목"" - 뉴시스",positive,0.9924,0.9924
207940,삼성바이오로직스,2026-05-06,"[모닝 리포트] 삼성바이오로직스, 첫 전면 파업에 실적 영향…""기대치 낮춰야"" - 뉴스핌",negative,0.9919,-0.9919
207940,삼성바이오로직스,2026-05-07,"삼성바이오로직스, '영업익 2조' 시대 개막했으나...""시총은 열흘 새 1.8조↓"" - 더밸류뉴스",positive,0.6321,0.6321
207940,삼성바이오로직스,2026-05-06,"""삼성바이오로직스, 파업 영향으로 실적 추정 하향 불가피""-키움 - 한국경제",negative,0.9936,-0.9936
207940,삼성바이오로직스,2026-04-06,"삼성바이오로직스, 최대주주등 보유주식 331주 감소 - 디지털투데이",negative,0.9809,-0.9809
207940,삼성바이오로직스,2026-04-02,"삼성바이오로직스, 美 록빌 공장 인수 완료…1분기 실적·가이던스 상향 '청신호' - 메디코파마",positive,0.993,0.993
207940,삼성바이오로직스,2026-05-20,"삼성바이오로직스, 성장 모멘텀 견조…단기 조정은 진입 기회-대신 - 마켓인",positive,0.9922,0.9922
207940,삼성바이오로직스,2026-04-28,'폭풍전야' 삼성바이오…창사 첫 총파업 위기 속 주가 '살얼음판' - ebn.co.kr,negative,0.9881,-0.9881
207940,삼성바이오로직스,2026-04-02,"삼성바이오로직스, 1분기 호실적 전망…노조·투자 변수에 주가는 ‘숨고르기’ [Why 바이오] - 서울경제",neutral,0.955,0.0
207940,삼성바이오로직스,2026-05-21,"삼성바이오로직스, 인건비 상승 반영…수익성 눈높이 조정 - 메디코파마",positive,0.9886,0.9886
207940,삼성바이오로직스,2026-05-08,'K바이오' 집어삼킨 삼성바이오로직스 노조...일주일 새 수천억 손실 - 더구루,negative,0.9933,-0.9933
207940,삼성바이오로직스,2026-05-20,"대신證 ""삼성바이오, 단기조정은 기회…목표가 200만원"" - 연합뉴스",positive,0.6682,0.6682
207940,삼성바이오로직스,2026-05-21,"“삼성바이오로직스, 수주 모멘텀 회복이 관건”…목표가 200만원대 깨졌다 - 매일경제",negative,0.9874,-0.9874
207940,삼성바이오로직스,2026-01-22,[헬로티 HelloT] [헬로스톡] 1월 22일 주목할 종목 : 삼성바이오로직스·현대글로비스·효성티앤씨·현대로템 - 헬로티,neutral,0.9777,0.0
207940,삼성바이오로직스,2026-04-23,"삼성바이오로직스, 실적 좋은데 목표가는 ‘글쎄’[오늘, 이 종목] - 매일경제",neutral,0.5895,0.0
207940,삼성바이오로직스,2026-03-30,삼성전자 다음은 바이오로직스...5월에 맞춰진 삼성의 '파업 시계' - 스마트투데이,neutral,0.9937,0.0
207940,삼성바이오로직스,2026-05-02,4월 마지막주 삼성바이오로직스 주가 변동 현황 - 톱스타뉴스,neutral,0.9939,0.0
068270,셀트리온,2026-03-24,"[주식] 셀트리온, 주총서 ""실적 상승+배당 확대""...6% 반등 - 히트뉴스",positive,0.9933,0.9933
068270,셀트리온,2026-04-23,[종합분석] 코스피 사상최고가 갱신에도 셀트리온 주가가 제자리걸음인 5가지 이유 - 더 이코노미,negative,0.9833,-0.9833
068270,셀트리온,2026-05-19,"바이오 주가 급락에 셀트리온·리가켐바이오 ""펀더멘털 이상 없다"" - 약사공론",negative,0.9563,-0.9563
068270,셀트리온,2026-05-27,셀트리온 주가 연초 대비 21.53%↓...주주가치 제고 총력 - v.daum.net,positive,0.9934,0.9934
068270,셀트리온,2026-03-24,"서정진 ""셀트리온 주식 저평가…중동 리스크 없어"" - MTN 머니투데이방송",positive,0.9829,0.9829
068270,셀트리온,2026-05-19,"'주가 저평가' 셀트리온, ""주주가치 제고 방안 종합 검토"" - 팜이데일리",positive,0.9833,0.9833
068270,셀트리온,2026-05-22,"셀트리온, 주가 부양 총력…무상증자·자사주 매입 - 데일리메디",positive,0.9867,0.9867
068270,셀트리온,2026-05-22,"셀트리온, 호실적에도 주가 하락…주주환원 카드 꺼내 - 서울경제TV",negative,0.9894,-0.9894
068270,셀트리온,2026-04-16,"[헬로스톡 - 4/16] 셀트리온, 릴리 CMO 수주 9,280억 확보…'좋아질 일만 남았다' - 헬로티",positive,0.9932,0.9932
068270,셀트리온,2026-04-24,"셀트리온, 가팔라지는 '고마진 신제품' 성장세…증권가 ""주가 31% 상승 여력"" - 아시아경제",positive,0.9934,0.9934
068270,셀트리온,2026-04-07,"NH투자 ""셀트리온 목표주가 상향, 미국에서 신규 바이오시밀러 처방 증가"" - 비즈니스포스트",positive,0.9934,0.9934
068270,셀트리온,2026-05-20,"[모닝 리포트] ""셀트리온, 합병 노이즈 해소에 목표가 28만원"" - 뉴스핌",neutral,0.8196,0.0
068270,셀트리온,2026-05-21,"셀트리온, 주가 안정 위해 1000억 투입...보통주 55만주 장내 취득 - 데이터투자",neutral,0.9539,0.0
068270,셀트리온,2026-05-11,"셀트리온, 공격적 주주환원에도 시장 냉담···짐펜트라 흥행 시험대 - 시사저널e",negative,0.9518,-0.9518
068270,셀트리온,2026-05-21,"""코스피 8000시대에 왜 우리만""…셀트리온, 무상증자 등 주가부양 특단 대책 - 데일리안",neutral,0.7987,0.0
068270,셀트리온,2026-05-21,"셀트리온, 2조원 규모 자사주 소각 전망…주주환원 강화 - 약사공론",positive,0.9821,0.9821
068270,셀트리온,2026-03-25,"[주식] 고바이오랩, 셀트리온과 2052억 계약에 상한가 직행 - 히트뉴스",positive,0.9935,0.9935
068270,셀트리온,2026-06-05,"셀트리온, 2700억원 규모 주식 매입 추진…""주주가치 제고"" - 팜이데일리",positive,0.9906,0.9906
068270,셀트리온,2026-05-19,"셀트리온 ""주가 저평가…대주주와 함께 주주가치 제고 방안 검토"" - 아시아경제",positive,0.9822,0.9822
068270,셀트리온,2026-05-19,"셀트리온 ""주가 과도한 저평가…주주가치 제고 방안 검토"" - 뉴스1",positive,0.9297,0.9297
068270,셀트리온,2026-04-10,"셀트리온, 현재 주가 연중 저점 수준… 밸류에이션 프리미엄 정당화 국면 - 유진투자증권 - S저널",positive,0.9928,0.9928
068270,셀트리온,2026-05-06,"셀트리온, 1분기 목표 영업익 3천억 넘겨…연간 실적 기대치 '쑥' - 연합인포맥스",positive,0.9937,0.9937
068270,셀트리온,2026-03-25,올해 영업익 1조8천억 목표 세운 셀트리온…이번엔 달성할까 - 연합인포맥스,positive,0.7876,0.7876
068270,셀트리온,2026-05-07,"상상인증권 ""셀트리온 목표주가 상향, 고마진 신제품 매출 늘어 수익성 개선"" - 비즈니스포스트",positive,0.9937,0.9937
068270,셀트리온,2026-05-21,"셀트리온, 자사주 1,000억 원 규모 매입 결정...주가 안정 및 주주가치 제고 - Investing.com 한국어",positive,0.992,0.992
068270,셀트리온,2026-05-19,"셀트리온, 주가 약세에 주주가치 방어 시사…“저평가 지속 땐 대응 검토” - 이코노미트리뷴",negative,0.9896,-0.9896
068270,셀트리온,2026-05-06,"셀트리온, 1Q 영업익 3천219억…역대 최대 실적(종합) - 연합인포맥스",positive,0.9933,0.9933
068270,셀트리온,2026-04-29,"삼성바이오로직스-셀트리온, 역대급 매출에도 주식 흐름 '극과 극' - 매일일보",negative,0.9856,-0.9856
068270,셀트리온,2026-06-07,셀트리온 주가 백약이 무효?...자사주 1천억 소각에도 하락세 지속 - 중부일보,negative,0.9924,-0.9924
068270,셀트리온,2026-05-21,"반도체에 밀려 소외·외면 받던 제약바이오주…셀트리온, ‘대장주’ 역할로 반등 이끈다 - 뉴스퀘스트",positive,0.9882,0.9882
068270,셀트리온,2026-04-11,"셀트리온, 20만원도 깨졌다…바이오 개미 '분통' - v.daum.net",negative,0.992,-0.992
068270,셀트리온,2026-05-19,셀트리온 “주가 하락 지속땐 주주가치 제고 방안 검토” - 코메디닷컴,neutral,0.9838,0.0
068270,셀트리온,2026-04-14,"셀트리온, 자사주 911만주 소각완료…발행주식수 4% 지워 - 히트뉴스",positive,0.9678,0.9678
068270,셀트리온,2026-05-08,"셀트리온, 보통주 48만8977주 자기주식 취득 완료 - 디지털투데이",positive,0.9384,0.9384
068270,셀트리온,2026-06-09,이틀째 투자 초고수가 품은 '현대차'…오랜만에 주가 오른 셀트리온은 순매도 - 한국경제,positive,0.8495,0.8495
068270,셀트리온,2026-03-26,"""주가 고평가 아냐""…셀트리온, 11년 만에 총수 복귀 모멘텀 될까 - 더팩트",neutral,0.6634,0.0
068270,셀트리온,2026-06-04,"셀트리온, 1천억원 규모 자사주 소각 - 연합뉴스",neutral,0.9413,0.0
068270,셀트리온,2026-05-15,"[버핏 리포트] 셀트리온, 세 가지 성장 동력에 주목…’코스피 제약사 중 가장 안전한 선택지’ - 신한 - 버핏연구소",positive,0.9633,0.9633
068270,셀트리온,2026-04-22,셀트리온 '1000억 승부수…자사주로 주가 바닥 잡나 - 경제타임스,positive,0.9923,0.9923
068270,셀트리온,2026-05-21,수익성·주주환원 다 잡았다…주가 빼고 다 좋은 셀트리온 - 한국금융신문,positive,0.9927,0.9927
068270,셀트리온,2026-06-17,"실적 개선에도 주가는 주춤…셀트리온, 자사주 소각으로 반전 노린다 - 이코노미트리뷴",negative,0.7345,-0.7345
068270,셀트리온,2026-04-22,셀트리온 성장신화 덮는 ‘서정진 지배구조 리스크’ - 뉴스버스,negative,0.9758,-0.9758
068270,셀트리온,2026-05-07,"[모닝 리포트] 셀트리온, 옴니클로·스토보클로 급성장…목표주가 32만원 유지 - 뉴스핌",positive,0.9936,0.9936
068270,셀트리온,2026-05-25,"삼성바이오·셀트리온 밸류에이션 바닥…""하반기엔 뛴다"" - 한국경제",positive,0.9933,0.9933
068270,셀트리온,2026-06-04,"""말보다 행동"" 셀트리온, 2조 주주환원 ""주가 끌어올린다"" - v.daum.net",positive,0.984,0.984
068270,셀트리온,2026-05-20,"셀트리온·리가켐·오름, 주가 등락에 잇단 주주 서한···""K-바이오 이상 없다"" - 뉴스웨이",neutral,0.9536,0.0
068270,셀트리온,2026-05-06,셀트리온 '세대교체 성공'…신규 시밀러 매출 60%↑ - 경제타임스,positive,0.9935,0.9935
068270,셀트리온,2026-04-14,"셀트리온, 약 1.8조원 자사주 소각 마무리…업계 최대 규모 - 전자신문",positive,0.9385,0.9385
068270,셀트리온,2026-05-07,"[버핏 리포트] 셀트리온, ‘신규 시밀러’·’Teva CMO’ 효과…가장 극적인 OP 성장의 해 - NH - 버핏연구소",positive,0.9926,0.9926
068270,셀트리온,2026-03-24,[주총 포커스] 뿔난 투심 직접 달래러 온 서정진 셀트리온 회장 - v.daum.net,neutral,0.5555,0.0
051910,LG화학,2026-03-10,"LG화학 주가, 주주행동에↑·회사발표에↓…팰리서 ""시장 반응 분명"" - 연합인포맥스",positive,0.9899,0.9899
051910,LG화학,2026-04-15,"LG화학, 1분기 2000억 적자 전망...2분기 이후가 더 걱정 - 한국금융신문",negative,0.9926,-0.9926
051910,LG화학,2026-04-22,"독이 된 중복상장… SK그룹·카카오·LG화학, 주가 반토막 - IT조선",negative,0.993,-0.993
051910,LG화학,2026-05-04,"LG화학 주가 장중 9%대 올라, 1분기 영업적자 줄이며 시장 전망치 상회 - 비즈니스포스트",positive,0.9936,0.9936
051910,LG화학,2026-03-18,70조원 주식 갖고도 시총 22조…LG화학 저평가의 근본 이유 - KPI뉴스,positive,0.9902,0.9902
051910,LG화학,2025-10-23,LG화학 시총 24조에서 93조 끌어올리는 방법은? [이슈체크] - MTN 머니투데이방송,positive,0.8608,0.8608
051910,LG화학,2026-05-04,"[특징주] LG화학, 1분기 적자 폭 대폭 줄어.. 8%대 '강세' - 글로벌이코노믹",positive,0.9937,0.9937
051910,LG화학,2026-02-23,반토막 LG화학 주가 '어디로'...팰리서캐피탈 주주제안 '받고 더' 해야 - ESG경제,negative,0.9916,-0.9916
051910,LG화학,2026-06-05,"“LG화학, ‘화학·배터리’ 양날개 달고 몸값 쑥”…목표가↑ - 매일경제",positive,0.9936,0.9936
051910,LG화학,2026-03-31,"""역대급 주가 저평가"" 지적에도…LG화학 주총서 팰리서 제안 부결 - 지디넷코리아",neutral,0.9618,0.0
051910,LG화학,2026-02-23,"""LG화학은 삼성-SK처럼 주식보상제 도입하라"" [전문] - 데일리브리프",neutral,0.9889,0.0
051910,LG화학,2026-01-30,"LG화학, 최악은 지났다…목표가 45만-NH - 머니투데이 - 머니투데이",positive,0.9817,0.9817
051910,LG화학,2026-02-25,🟡(LG화학 / 투자전략) “바닥을 지나는 중” 실적은 약하지만 ‘지분가치+구조개편’이 만든 반등 옵션 - 네이버 프리미엄콘텐츠,positive,0.9906,0.9906
051910,LG화학,2026-02-28,글로벌 큰손 4000억 쓸어담더니…한 달 만에 34% '급등' [종목+] - 한국경제,positive,0.9933,0.9933
051910,LG화학,2026-03-27,"NH투자증권 ""LG화학, 전쟁 이후 수익성 둔화.. 목표주가 하향 조정"" - 글로벌이코노믹",negative,0.9938,-0.9938
051910,LG화학,2026-01-30,"""5년간 LG엔솔 지분 9.4% 매각""…LG화학 계획에 시장 반응은 - 연합인포맥스",neutral,0.9921,0.0
051910,LG화학,2026-02-12,[LG화학] 위기 속에서도 준비된 반등… LG화학 2026년 양극재 40% 성장 자신감(2025년_4Q) - 네이버 프리미엄콘텐츠,positive,0.9937,0.9937
051910,LG화학,2026-02-13,"[코스피 5천 그늘⑩] LG화학 오천피에도 힘 못 받는 주가, 사업체질 개선에 마음 바쁜 김동춘 - 비즈니스포스트",negative,0.9915,-0.9915
051910,LG화학,2026-03-05,"블랙록, LG화학 지분 5% 공시…단순투자 목적 - 연합인포맥스",neutral,0.9944,0.0
051910,LG화학,2026-03-11,"""자회사 지분 가치만 70조 원인데 시총은 22조 원""… 글로벌 '큰손' 두 곳이 LG화학을 겨눈 이유 - 글로벌이코노믹",neutral,0.9893,0.0
051910,LG화학,2026-06-01,"""엔솔 분할 뒤 주가 3분의 1토막""…LG화학 해외주주 달래기 - v.daum.net",negative,0.9748,-0.9748
051910,LG화학,2026-05-04,"LG화학 주가 8%대↑...""석유화학·생명과학 실적 개선"" - gukjenews.com",positive,0.9937,0.9937
051910,LG화학,2026-03-16,"고려아연, 3년전 2천500억에 취득한 LG화학 지분 전량 매각 - KB Think",neutral,0.9933,0.0
051910,LG화학,2026-02-11,"""행동주의 압박 예견됐는데""…LG화학의 '소극적' 대응에 앞길 험난 - 인베스트조선",negative,0.9578,-0.9578
051910,LG화학,2026-01-19,"LG화학, 2026년 상반기까지 ‘실적 한파’ 지속… 지분 가치가 최후 보루 - 금융경제플러스",negative,0.9319,-0.9319
051910,LG화학,2026-02-10,"LG화학 주주 팰리서 ""주가 저평가 심각…자사주 소각해야"" - 지디넷코리아",positive,0.6843,0.6843
051910,LG화학,2026-03-18,LG화학 투자분석 2026. 03. 18 - 주달,neutral,0.9907,0.0
051910,LG화학,2026-04-09,"""LG화학, 2분기 고유가 후유증 예상되지만…전사 실적엔 유리""-한국 - 한국경제",positive,0.9918,0.9918
051910,LG화학,2026-05-04,"LG화학, 엔솔 지분 블록딜 채비…규모·시점·용처 예의주시 - 인베스트조선",neutral,0.9922,0.0
051910,LG화학,2025-10-01,"LG화학, LG엔솔 지분 매각 2조원 확보…″기업가치 제고″ - 연합뉴스TV",positive,0.9922,0.9922
051910,LG화학,2026-02-27,"LG화학 실적 회복 기대 커져, 김동춘 NCC 구조조정과 스페셜티 확장 힘 붙어 - 비즈니스포스트",positive,0.9928,0.9928
051910,LG화학,2026-01-20,"LG화학, 4분기 첨단소재·화학 부문 적자 전환...목표주가↓ - ksdaily.co.kr",negative,0.9932,-0.9932
051910,LG화학,2026-03-08,“유가 폭등에 투기판 열렸다”…동전주 ‘상따 랠리’ vs 석화주 ‘비명’ 극과 극 - 에너지경제신문,negative,0.9799,-0.9799
051910,LG화학,2026-01-26,"LG화학, 사업부 전반 실적 부진…목표가↓ -신영證 - 파이낸셜뉴스",negative,0.9929,-0.9929
051910,LG화학,2026-01-30,"""LG화학, 주주환원 기대보다 시황 악화 우려가 크다…목표가↓""-삼성 - 한국경제",negative,0.9933,-0.9933
051910,LG화학,2026-02-26,"""LG화학, 숨어 있는 상법 개정 수혜주…투자의견·목표가↑""-LS - 한국경제",positive,0.993,0.993
051910,LG화학,2026-03-20,"글로벌 자문사, 팰리서 ‘지지’...LG화학 지배구조 개선 서막 열리나 - ESG경제",positive,0.9892,0.9892
051910,LG화학,2026-05-05,"청주 공장 둔 SK하이닉스·LG화학, 나란히 ‘신고가’ - 중부매일",positive,0.9925,0.9925
051910,LG화학,2026-06-04,"LG화학, LG엔솔·석유화학 동반 회복 기대...목표주가↑ - ksdaily.co.kr",positive,0.9938,0.9938
051910,LG화학,2026-04-29,"LG화학, 부진 장기화…LG엔솔 지분 활용 버티기 돌입 - 톱데일리",negative,0.9379,-0.9379
051910,LG화학,2026-02-26,"LG화학, ‘숨은 상법 개정 수혜주’로 재평가 [오늘, 이 종목] - 매일경제",positive,0.9919,0.9919
051910,LG화학,2026-05-04,리튬 반등 신호탄…POSCO·LG화학 주가 파죽지세 - 핀포인트뉴스,positive,0.9933,0.9933
051910,LG화학,2026-04-22,"한화투자證 “LG화학, 안정적인 나프타 물량 확보가 향후 실적 핵심 변수” - 이투데이",neutral,0.5876,0.0
051910,LG화학,2026-04-16,LG화학 투자분석 2026. 04. 16 - 주달,neutral,0.9911,0.0
051910,LG화학,2026-03-01,LG화학우 투자분석 2026. 03. 01 - 주달,neutral,0.9872,0.0
051910,LG화학,2025-10-24,"'주가 부진' LG화학…국민연금, '비공개 중점관리기업' 지정 [시그널] - 서울경제",negative,0.9922,-0.9922
051910,LG화학,2026-03-27,"LG화학, 전쟁 영향에 석유화학 수익성 악화... 목표가↓-NH - 인포스탁데일리",negative,0.9932,-0.9932
051910,LG화학,2026-03-21,LG화학 투자분석 2026. 03. 21 - 주달,neutral,0.9911,0.0
051910,LG화학,2026-06-02,"“엔솔 적자에 본업 흑자 묻혔다”…LG화학, 짙어지는 ‘지주사 할인’ - 아시아투데이",negative,0.9924,-0.9924
051910,LG화학,2026-01-26,"“LG화학, 지난 분기 전 사업부 부진 추정…목표가 4.4%↓” - 아시아투데이",negative,0.9931,-0.9931
006400,삼성SDI,2026-06-01,"ESS 수혜주 저가 매수해볼까…삼성SDI, 순매수 1위 [주식 초고수는 지금] - 서울경제",positive,0.9918,0.9918
006400,삼성SDI,2026-04-20,"신한투자 ""삼성SDI, ESS 고성장 등에 주가 재평가…목표가↑"" - 연합뉴스",positive,0.9936,0.9936
006400,삼성SDI,2026-04-23,"삼성SDI, 4월 들어 주가 60%↑…'캐즘' 뚫고 1분기 저점 통과하나 - 연합인포맥스",positive,0.9938,0.9938
006400,삼성SDI,2026-06-11,"삼성SDI 직원들, 전자만큼 성과급 못받아도 웃는 까닭 - 한국경제",neutral,0.8687,0.0
006400,삼성SDI,2026-04-03,"IBK투자증권, 삼성SDI 목표주가 상향… ""하반기 본격적 실적 턴어라운드 전망"" - 녹색경제신문",positive,0.9936,0.9936
006400,삼성SDI,2026-04-21,'배터리 캐즘' 탈출하는 삼성SDI - 중소기업신문,positive,0.9878,0.9878
006400,삼성SDI,2026-04-30,"日 다이와, 삼성SDI 목표주가 100만원 제시 - 더구루",positive,0.9576,0.9576
006400,삼성SDI,2026-04-29,"주가 57% 급등은 예고편…""삼성SDI 80만원 간다"" 파격 전망 - 마켓인",positive,0.9932,0.9932
006400,삼성SDI,2026-04-29,"삼성SDI, 1분기 어닝 서프라이즈에 주가 오름세...목표주가도 ‘쑥’ [주가동향] - 조세일보",positive,0.9936,0.9936
006400,삼성SDI,2026-06-11,삼성SDI 우리사주 235만주 풀린다…유증 효과에 직원들도 수익권 - 글로벌이코노믹,positive,0.9757,0.9757
006400,삼성SDI,2026-04-20,"삼성SDI 주가 6%대 상승, 북미 ESS시장 성장 기대감에 증권가 목표주가 상향 - 비즈니스포스트",positive,0.9938,0.9938
006400,삼성SDI,2026-04-25,"""캐즘 끝나가나""…삼성SDI 한 달새 57% 급등, 목표주가 80만원대↑[증시레이더] - 디지털데일리",positive,0.9935,0.9935
006400,삼성SDI,2026-04-09,삼성SDI '북미 ESS 증산과 지분 가치 재평가 가능성' 증권사 발표에 강세…3.61% - 매일경제 마켓,positive,0.993,0.993
006400,삼성SDI,2026-04-29,"""팔 때 아니다""…증권가, 삼성SDI 목표주가 100만원까지 상향 - 연합인포맥스",positive,0.9932,0.9932
006400,삼성SDI,2026-04-22,"NH증권 ""삼성SDI, 유럽 수주 2028년부터 본격 매출화…목표가↑"" - 연합뉴스",positive,0.9934,0.9934
006400,삼성SDI,2026-04-29,"[특징주] 삼성SDI, 1분기 호실적.. '70만9000원' 최고가 터치 - 글로벌이코노믹",positive,0.9937,0.9937
006400,삼성SDI,2026-05-06,"올해만 2.7배 뛴 '이 종목'…증권가 ""더 간다"" 전망 나온 이유 - 한국경제",positive,0.992,0.992
006400,삼성SDI,2026-04-30,"삼성SDI 유증 투자자, 수익률 400% 넘겼다 - 연합인포맥스",positive,0.9906,0.9906
006400,삼성SDI,2026-04-29,"IBK투자 ""삼성SDI, 올해말 9분기만 흑자전환 전망…목표가↑"" - 연합뉴스",positive,0.9932,0.9932
006400,삼성SDI,2026-04-22,"""EV 수주가뭄 해소 기대감↑""…삼성SDI, 주가회복 '본격화' - 연합인포맥스",positive,0.9935,0.9935
006400,삼성SDI,2026-04-28,"뉴스 : 삼성SDI, 2026년 1분기 실적 발표 - 삼성SDI",neutral,0.9923,0.0
006400,삼성SDI,2026-04-22,2차전지 업황 회복되나…NH증권 “삼성SDI 88만원 간다” [매경 자이앤트] - 매일경제 마켓,positive,0.966,0.966
006400,삼성SDI,2026-04-21,"[오늘의 주목주] '벤츠와 배터리 협력' 삼성SDI 19%대 올라, 코스피 6380선 상승 마감 '사상 최고치' - 비즈니스포스트",positive,0.994,0.994
006400,삼성SDI,2026-04-29,"""삼성SDI, 실적 바탕으로 한 상승세…목표가↑""-하나 - 한국경제",positive,0.9937,0.9937
006400,삼성SDI,2026-04-20,"삼성SDI, 증권사 목표가 상향에 강세…5.46% - 매일경제 마켓",positive,0.9934,0.9934
006400,삼성SDI,2026-04-22,"NH證 “삼성SDI, 유럽 EV 수주 가뭄 해소…목표주가 88만원으로 상향” - 이투데이",positive,0.9938,0.9938
006400,삼성SDI,2026-04-29,"[N2 특징주] 삼성SDI, 신고가 경신…1분기 긍정적 실적 영향 - 뉴스투데이",positive,0.9939,0.9939
006400,삼성SDI,2026-05-28,[THE COMPASS] LG엔솔 ‘약점’ 드러낸 삼성SDI 수익성 ‘집착’ 전략 - 한국금융신문,negative,0.989,-0.989
006400,삼성SDI,2026-04-22,"삼성의 '후자들', 몸값 100조 돌파..증권가 ""더 간다"" - 스마트투데이",positive,0.9894,0.9894
006400,삼성SDI,2026-04-17,"[오늘의 주목주] '2차전지 투심 개선' 삼성SDI 7%대 상승, 코스피 외국인 매도세에 6190선 약보합 마감 - 비즈니스포스트",positive,0.9876,0.9876
006400,삼성SDI,2026-05-29,전기·SDI·SDS…질주하는 삼성後자 - 매일경제,positive,0.9846,0.9846
006400,삼성SDI,2026-04-21,"삼성SDI LG에너지솔루션 주가 장중 나란히 9%대 올라, 벤츠와 배터리 협력 - 비즈니스포스트",positive,0.9934,0.9934
006400,삼성SDI,2026-05-12,"[오늘의 주목주] '주가 고평가' 진단에 삼성SDI 8%대 내려, 코스피 외인·기관 매도세에 7640선 하락 - 비즈니스포스트",negative,0.9802,-0.9802
006400,삼성SDI,2026-04-17,"삼성SDI 주가, 상승세... 정부 '5극3특' 이차전지 지원 기대감 - 금강일보",positive,0.9937,0.9937
006400,삼성SDI,2026-04-23,유가 불안에 들썩이는 이차전지...삼성SDI 최고가 행진에 이차전지 ETF도 수익률 ‘톱5′ 싹쓸이 - 조선비즈 - Chosunbiz,positive,0.9848,0.9848
006400,삼성SDI,2026-05-02,"“올해 주가 100만원 간다”…‘신고가’ 기록하더니, ‘황제주’ 전망까지 나온 ‘이 주식’ - 헤럴드경제",positive,0.9921,0.9921
006400,삼성SDI,2026-04-20,"""2차전지의 시간"" 삼성SDI, 목표주가 58만원도 코앞…한화비전, 1분기 '어닝 서프라이즈' 예고 [株토피아] - v.daum.net",positive,0.9932,0.9932
006400,삼성SDI,2026-05-02,"삼성SDI, 이차전지 ‘황제주’ 재도전?…신고가 행진 속 목표가 100만원 전망 - 이코노미스트",positive,0.9925,0.9925
006400,삼성SDI,2026-05-06,삼성SDI 주가 전 거래일 대비 0.85% 하락…ESS 기대 선반영 부담 - 톱스타뉴스,negative,0.9939,-0.9939
006400,삼성SDI,2026-04-22,프리마켓서 27% 급등한 삼성SDI…‘가격 왜곡’에 투자자 혼선 [이런국장 저런주식] - 서울경제,negative,0.7394,-0.7394
006400,삼성SDI,2026-04-27,"삼성SDI 수익률, LG엔솔의 6배…도대체 왜? [정답은 TSR] - 한국금융신문",positive,0.7952,0.7952
006400,삼성SDI,2026-04-22,"[애널픽] 삼성SDI, 한달새 목표가 49만→88만원, 왜? - 뷰어스",neutral,0.8486,0.0
006400,삼성SDI,2026-04-21,삼성SDI도 벤츠 뚫었는데…초고수들 LG엔솔만 쓸어담은 이유 [마켓PRO] - 한국경제,neutral,0.9238,0.0
006400,삼성SDI,2026-04-29,"[클릭 e종목]""삼성SDI, 실적·밸류 동반개선…목표주가 85.7만원"" - 아시아경제",positive,0.9937,0.9937
006400,삼성SDI,2026-04-23,"삼성SDI 주가, 4월 23일 장중 645,000원 2.12% 하락 - 톱스타뉴스",negative,0.9918,-0.9918
006400,삼성SDI,2026-04-29,적자폭 '확' 줄였더니 목표가 60% 올랐다 - v.daum.net,positive,0.9936,0.9936
006400,삼성SDI,2026-04-21,"삼성SDI·LG엔솔, 벤츠에 배터리 공급 소식에 주가 급등 - thecommoditiesnews.com",positive,0.9936,0.9936
006400,삼성SDI,2026-04-13,전쟁 덕에 나타난 이차전지 ‘반짝’ 반등...주가 상승세 이어질까 - 조선비즈 - Chosunbiz,positive,0.9938,0.9938
006400,삼성SDI,2026-04-17,뜻밖의 호재에 주가 7% 넘게 '급등'…연기금도 쓸어 담았다 [종목+] - 한국경제,positive,0.9929,0.9929
006400,삼성SDI,2026-04-20,"[오늘의 주목주] '벤츠에 배터리 공급' 삼성SDI 4%대 상승, 코스피 기관 매수세에 6210선 강보합 마감 - 비즈니스포스트",positive,0.9933,0.9933
000270,기아,2026-04-15,기아 주가 전망… KB證 “30만” vs. 유진證 “17만” 누가 맞나? - IT조선,neutral,0.9913,0.0
000270,기아,2026-05-28,"""車 불티나게 팔리는데""…기아 주가만 빠진 뜻밖의 이유 [분석+] - 한국경제",negative,0.9073,-0.9073
000270,기아,2026-02-26,"""형님, 저도 따라갑니다""…'현대차 아우' 기아 주가 장밋빛 전망, 왜 - 마켓인",positive,0.9928,0.9928
000270,기아,2026-03-06,"""현대차·기아 급반등"" 올라타면 대박? 쪽박?...상승세 언제까지[부꾸미] - 머니투데이 - 머니투데이",positive,0.9885,0.9885
000270,기아,2026-02-25,"""새만금 10조 베팅"" 현대차·기아 주가 '훨훨'…""전북이 미래 산업 심장"" - 전민일보",positive,0.9934,0.9934
000270,기아,2026-04-27,"[특징주] 기아, 엇갈린 1분기 실적 해석…장초반 하락 전환 - 연합뉴스",negative,0.9938,-0.9938
000270,기아,2026-02-04,[집중 분석] 현대차 주가는 폭등하는데 기아는 왜 그렇지 않을까? - 파이낸셜포스트,neutral,0.8244,0.0
000270,기아,2026-01-29,"기아, 이익 28% 감소에도 '로봇' 기대...목표가 열흘만에 또 '줄상향' [주가동향] - 조세일보",negative,0.8879,-0.8879
000270,기아,2026-01-28,주가 고공비행 소외됐던 기아…역대급 현금에 '파격' 요구 목소리 - 연합인포맥스,negative,0.9386,-0.9386
000270,기아,2026-02-27,"현대차·기아, AI·로봇 업고 주가 '훨훨'…'7000피' 우군되나 - v.daum.net",positive,0.994,0.994
000270,기아,2026-04-09,"[오늘의 주목주] '기관 매도세'에 기아 주가 5%대 내려, 코스피도 1%대 하락해 5770선 마감 - 비즈니스포스트",negative,0.9935,-0.9935
000270,기아,2026-03-04,"하나증권 ""현대차·기아 주가 모멘텀은 SDV·로봇"" - PRESS9",positive,0.9612,0.9612
000270,기아,2026-01-23,현대차‧모비스‧기아 주가 동반 질주…정의선 승계 플랜 방향은? - 한국금융신문,positive,0.9916,0.9916
000270,기아,2025-07-31,"관세 타결 후 ‘급락’한 현대차 주식, 무슨 일? [지금뉴스] - KBS 뉴스",negative,0.9918,-0.9918
000270,기아,2026-03-05,"""주가 급락한 현대차·기아, 저가 매수 기회"" - 한국경제",positive,0.9509,0.9509
000270,기아,2026-02-25,"[특징주] 기아, 장 초반 급등해 52주 신고가…현대차도 상승 - 연합뉴스",positive,0.9935,0.9935
000270,기아,2025-12-09,현대차·기아 목표주가 대폭 상향…“완성차 업종 비중 확대할 시점” [현대차證] [주가동향] - 조세일보,positive,0.9937,0.9937
000270,기아,2026-03-09,"[비즈 나우] 현대차, 이란 사태 직격탄?…주가 변수 될까 - v.daum.net",negative,0.9058,-0.9058
000270,기아,2026-03-05,"다올증권 ""현대차·기아, 최근 주가 급락은 저가 매수 기회"" - 연합뉴스",positive,0.9903,0.9903
000270,기아,2026-02-25,"[특징주] 기아, 12%대 급등 52주 신고가…현대차도 9% 상승(종합) - 연합뉴스",positive,0.9936,0.9936
000270,기아,2026-04-27,"삼성증권 ""기아, 2분기부터 뚜렷한 실적 회복…목표가 유지"" - 연합뉴스",positive,0.992,0.992
000270,기아,2026-01-18,"“형님, 저도 따라갈게요”...현대차 훈풍에 주목받는 기아 - v.daum.net",positive,0.9925,0.9925
000270,기아,2026-05-23,"“현대차 대신 사볼까?”...기아, 시가총액 100조원 조준 - v.daum.net",positive,0.562,0.562
000270,기아,2026-02-06,"삼전·기아·두산에너빌, 프리마켓서 하한가 속출…무슨 일?(종합) - 뉴스1",negative,0.9921,-0.9921
000270,기아,2026-01-14,"[특징주] 기아, 피지컬 AI 수혜 반영 증권가 분석에 '신고가' 경신 - 글로벌이코노믹",positive,0.9937,0.9937
000270,기아,2026-01-26,로봇·피지컬AI 핵심으로 부상한 기아…주가 재평가 신호 - 데일리한국,positive,0.9935,0.9935
000270,기아,2026-06-02,"삼성증권 ""기아, 업종 내 저평가…목표가 24만원"" - 연합뉴스",positive,0.9931,0.9931
000270,기아,2026-01-15,“이제 현대차 담기엔 부담되는데”…‘형제’ 우선주·기아 대신 줍줍할까 - 매일경제 마켓,neutral,0.5529,0.0
000270,기아,2026-04-20,현대차·기아 ‘주주환원’…‘정의선 승계’ 함께 해결? - 한국금융신문,neutral,0.9915,0.0
000270,기아,2026-03-18,기아보다 영업이익률 낮은데? 그런 테슬라 주가의 미스터리 [머니스쿨㉚] - 중앙일보,negative,0.991,-0.991
000270,기아,2026-02-25,"현대차 주가 장중 9%대 상승, 자율주행 기대감에 현대차그룹주 강세 - 비즈니스포스트",positive,0.9935,0.9935
000270,기아,2026-01-12,"“기아, 현대차그룹 로보틱스 생태계 소외…투자 매력도 부족” - v.daum.net",negative,0.9816,-0.9816
000270,기아,2026-01-29,"""기아보다 보수적 목표 더 매력""…어닝쇼크에도 현대차 주가 왜 뛰었나 - 연합인포맥스",negative,0.9337,-0.9337
000270,기아,2026-01-27,"’관세 위협’에 현대차·기아 급락...환율 다시 1,450원대 - YTN",negative,0.9932,-0.9932
000270,기아,2026-01-29,"삼성증권, 기아 목표가↓…""경쟁심화·매크로 불확실성 반영"" - 연합뉴스",neutral,0.5893,0.0
000270,기아,2026-02-18,현대차 주가 고공행진의 역설...배당수익률은 '아우' 기아가 더 높아 - v.daum.net,positive,0.9513,0.9513
000270,기아,2026-02-25,"기아, 10%대 급등하며 최고가 경신…현대차도 5%↑ - 한국경제",positive,0.9933,0.9933
000270,기아,2026-01-27,"현대차·기아 주가 장중 나란히 약세, 트럼프 자동차 관세 25% 인상 발언 영향 - 비즈니스포스트",negative,0.994,-0.994
000270,기아,2026-01-29,"[청기홍기]기아, 목표가 줄상향…""현대차와 밸류 격차 좁힌다"" - v.daum.net",positive,0.9747,0.9747
000270,기아,2026-03-29,'중동 전쟁 직격탄' 현대차·기아 시총 56조 증발...'전사 5부제' 비상경영 돌입 - 글로벌이코노믹,negative,0.9939,-0.9939
000270,기아,2026-04-12,"[이번주 관심주] 기아, CEO 등판에도 ‘자율주행·로봇 재평가’는 없었다 - 오피니언뉴스",neutral,0.9939,0.0
000270,기아,2026-01-12,"기아, 목표주가 15만5000원 상향…관세 완화+북미·유럽 신차 효과-LS증권 - PRESS9",positive,0.9938,0.9938
000270,기아,2026-01-15,"""형님 같이 가요""…현대차 주가 따라가는 기아 - 매일경제",positive,0.9853,0.9853
000270,기아,2026-03-09,"[특징주] 현대차·기아, 유가급등과 금융시장 불안에 나란히 '파란 불' - 글로벌이코노믹",negative,0.5689,-0.5689
000270,기아,2026-04-06,"전쟁 터지고 20% 넘게 폭락했는데…전문가 ""반등 가능성 있다"" - 한국경제",negative,0.851,-0.851
000270,기아,2026-02-25,"11% '급상승' 19만원선 껑충…기아, 호실적 주가 질주 [신Go가] - 이코노미스트",positive,0.9937,0.9937
000270,기아,2026-02-25,"[특징주] 현대차·기아, 실적 개선 및 피지컬 AI 수혜 기대 '강세' - 글로벌이코노믹",positive,0.9936,0.9936
000270,기아,2026-06-01,"'로봇' 주가 폭등한 현대차, 현금흐름은 '음수' 반전 - 딜사이트",negative,0.7499,-0.7499
000270,기아,2026-02-26,"[특징주]AI·로보틱스 가치 재조명…기아, 20만원 '터치' - 아시아경제",positive,0.9931,0.9931
000270,기아,2026-06-01,"기아, 실적과 자산가치 대비 극심한 저평가…목표가 24만 원 상향-삼성 - 인포스탁데일리",positive,0.9936,0.9936
