run_ts,code,name,date,title,sentiment_label,sentiment_confidence,sentiment_score,link
2026-06-21T08:22:00+09:00,046070,코다코,2026-06-15,"코다코, 감자 완료…보통주 발행주식총수 감자 전 1억1281만4744주에서 감자 후 1410만1673주로 - 디지털투데이",neutral,0.821661,0.0,https://news.google.com/rss/articles/CBMic0FVX3lxTE15b3ZlajdVOGUwY1dZaDluNzFnUlFOM001bzBiQndqS1FydURPcjc2aTN5OU52V21EWDdfMlFqWGFmcFQ4aXprNHdiM0ZoRkxQR3JFRkZCWi12ZndWbFpFTmZSVWx3MHhVcFE3SUhHaU5qM1E?oc=5
2026-06-21T08:22:00+09:00,080720,한국유니온제약,2026-06-16,제약·바이오 동전주 턱걸이 탈출했지만…시총 문턱 남았다 - v.daum.net,negative,0.756047,-0.756047,https://news.google.com/rss/articles/CBMiRkFVX3lxTE1rN2sxemxDa3RFcDh2ZzRoUTVpRVpvdzE2LTRNQm1GUTVoVkE5N0VXQWhsczRIbUFLZHFqcGhEa25jMGRlaHc?oc=5
2026-06-21T08:22:00+09:00,080720,한국유니온제약,2026-06-19,동전주 벗어났더니 이번엔 '시총 200억' 장벽...제약바이오 '산 넘어 산' - ebn.co.kr,negative,0.974379,-0.974379,https://news.google.com/rss/articles/CBMiaEFVX3lxTE5uWjBHQ1VsdFVnNDhUUFFuMXJfRVk0TTRwcjRqWDFvYnFPY25vcmgwSzc1NGNQMFZ0ejZNbkNmRS1zbTNvWkZUWm05cVFpOVlhQURKU3lFMFNlZGJPLVc3ZGZlMUhzaWhF?oc=5
2026-06-21T08:22:00+09:00,033560,블루콤,2026-06-19,블루콤 투자분석 2026. 06. 19 - 주달,neutral,0.990978,0.0,https://news.google.com/rss/articles/CBMic0FVX3lxTE5hR2hnSnRFbnJEX3VBdjRQeWFrd3h4WXBodFVENUx6YWotbW5KNVUtRWd4M0ZTb2tFZjEySGE4dVdoVU5jbUdYR2xpeTFFRC0xVDctN0xyZ2JubGRPZWRtRFpuMUw0R3ZsOWdQSzE2anYtdGs?oc=5
2026-06-21T08:22:00+09:00,161390,한국타이어앤테크놀로지,2026-06-18,"삼성증권 ""한국타이어, 유럽 시장 중심 레벨업 중…목표가↑"" - 연합뉴스",positive,0.993509,0.993509,https://news.google.com/rss/articles/CBMiYEFVX3lxTFBoUThNVkRDUmUxUDlvTjFENThxM3F3M1BPbkRZRVdad1pQOUlHWHZ6Zzh5Q19OUnB3ai03ZV8wQjJsakdFYk44bXZZaW5Ickp2aTFjdFZ0cXZjYXRpdG50OdIBYEFVX3lxTFBoUThNVkRDUmUxUDlvTjFENThxM3F3M1BPbkRZRVdad1pQOUlHWHZ6Zzh5Q19OUnB3ai03ZV8wQjJsakdFYk44bXZZaW5Ickp2aTFjdFZ0cXZjYXRpdG50OQ?oc=5
2026-06-21T08:22:00+09:00,161390,한국타이어앤테크놀로지,2026-06-19,"[장중수급포착] 한국타이어앤테크놀로지, 외국인 5일 연속 순매수행진... 주가 +1.37% - 뉴스핌",positive,0.993613,0.993613,https://news.google.com/rss/articles/CBMiXEFVX3lxTE9BRm5uSk9xOXAzWGMwSWVFTThtSUxzaEVveTJtVzV4dnQ5eXdCaDRlUVZyM252NUY1eVAwMktHLUFmWmlvQkZGSmZIekxTeko1bzZzbmJTbVNSMC03?oc=5
2026-06-21T08:22:00+09:00,161390,한국타이어앤테크놀로지,2026-06-17,풋옵션 6개월 앞… 한온시스템 자사주가 변수 됐다 - 리드경제,neutral,0.993751,0.0,https://news.google.com/rss/articles/CBMib0FVX3lxTFBPckJOMW9XNzZuTmRXZTBhUVh1bDNRRkJFUE80WUQ1bF9HZ1phb1hLUWRjN3BlNmNGSlhWbDhudXMwTGsxU1d2c25nUEZYVVdnVV9aOVVoOFJDVEhYSVhtMEdJNnFSdi1BcHZTMmNOTQ?oc=5
2026-06-21T08:22:00+09:00,161390,한국타이어앤테크놀로지,2026-06-19,"2026.06.19.(금) 증권사리포트 ""삼성물산, 명확한 배당 Formula, 1차 시총 타겟 100조원"" - 네이버 프리미엄콘텐츠",neutral,0.899407,0.0,https://news.google.com/rss/articles/CBMiggFBVV95cUxOUUxONWJHaUQ4dWFRSWEyMGV5Zmk4YkIwWHZrbFlvWUYyTC1lR0pDczYwNEd4UzY4eUgzaExIc0x2ZkRfdDN4RnVjakpzOWdncWt3WHBJMkJEYU50eDlWa1BmOFBPWlZYVVFLWTR2RmRvM2dMVkJ0clFEMXNNZVJ3YUtn?oc=5
2026-06-21T08:22:00+09:00,161390,한국타이어앤테크놀로지,2026-06-15,"[포토] 한국타이어, 사원 가족 힐링 프로그램 진행 - 금강일보",neutral,0.993646,0.0,https://news.google.com/rss/articles/CBMiakFVX3lxTFA3MkJJQ2xhTzdPNy1aVTNhZkFrS0c5Q01OTlBIdG9tLS1UQmxRaGFOSjVETWlHUHV0bXMwWWJkSFM0N1h6cHZ4WkI3SzV5Smowa0locHlJeE1SaXNiOHp2X2pjOFpzT2tLMmc?oc=5
2026-06-21T08:22:00+09:00,092190,서울바이오시스,2026-06-15,"[장중수급포착] 서울바이오시스, 외국인 7일 연속 순매수행진... 주가 +2.44% - 뉴스핌",positive,0.993642,0.993642,https://news.google.com/rss/articles/CBMiXEFVX3lxTE9qMWd0TzRDM29lU2ZOQlYzSmhIdHZfdkFlbGlKSlNvVUNKZUp2amJiM0d4bmM4RlRsMVFKdmpZVzhlQzRUUE01ZE9SVUZlZUU5eVV0c29oeWo5QlNC?oc=5
2026-06-21T08:22:00+09:00,092190,서울바이오시스,2026-06-14,서울바이오시스 투자분석 2026. 06. 14 - 주달,neutral,0.991136,0.0,https://news.google.com/rss/articles/CBMic0FVX3lxTE8xem82OW1PRU9VYy1hSXNPVmc5SXk0SDloTzJpN1NrRmIxbkpJNEVMOHk2V1FsVmJvaVpkX01CRGpXUUJYTWk3OE9WUkJoMTF0WXFxVWdqSHhObDEyOTVOUGMzQ0toYm01SzZDUnM2VFc2VXM?oc=5
2026-06-21T08:22:00+09:00,092190,서울바이오시스,2026-06-20,대한광통신 빛과전자 빛샘전자 서울바이오시스 광통신·광반도체주 동반 약세…차익실현 매물에 투자심리 위축 - CBC뉴스,negative,0.993661,-0.993661,https://news.google.com/rss/articles/CBMiaEFVX3lxTE45NWtCeUc3Ukhmdkw2U3pWcENpOGM0TWctSi15bnhmVlR0Zm40Mm9ZUmJ1NEYzYzVyMTNQOTRxV2R5b0xHVGMyUTZ3STVnNWxDUDlkY2s4RjJkNURuMGhCb3lMQmlSb1ds?oc=5
2026-06-21T08:22:00+09:00,092190,서울바이오시스,2026-06-15,"RFHIC, 글로벌 AI 인프라 투자 붐 편승…중장기 실적 개선 청신호 - 핀포인트뉴스",positive,0.993776,0.993776,https://news.google.com/rss/articles/CBMic0FVX3lxTE1CakRLa1NmRmM2U0JqVzZyejEwWXRweVl0ZzhuX0VrS2VjdDdoMGhlY1NxS2NOMS16d3hhRlZoekRXRkZoREdJcXk1SHJ0RHZ3UXhOeWc4UzN1dERnN2xDZW9YOEVScGxGSU1KMENoZHhxd1HSAXdBVV95cUxOWE5xcDNkLXFNUmMzeWZEbG1CNndCbUNpOXJOamFqdW5JMnhiczFnMFV1cTBpbm1DYkVnaGxNRVFGQ0hzNmxXclZ3ZUJBcGtaWjlNQXAxTUFjRzAwNnA0S1NqVmUzSFlDcjgybHFhNU0xUUJPc0l6aw?oc=5
2026-06-21T08:22:00+09:00,092190,서울바이오시스,2026-06-15,광통신·광반도체 관련주 강세…빛과전자 서울반도체 광전자 주목 AI 인프라 확대 기대감에 투자자 관심 집중 - CBC뉴스,positive,0.992204,0.992204,https://news.google.com/rss/articles/CBMiaEFVX3lxTE4zbVRRUHRyNWc3RUtXQnRpcWZ3bnRIUXQxNTJaQl9Hc2tHTVRZc2dHd3g1b3pobFNxRi05c1JxRGZXdGdUTy1Qd3N0Wl9McG52YjA1dlJ0TTlvRjVNbWo5VE5GSnhtWlhZ?oc=5
2026-06-21T08:22:00+09:00,483650,달바글로벌,2026-06-16,"임유진 상무, 달바글로벌 주식 5250주 증여로 감소 - 디지털투데이",neutral,0.951237,0.0,https://news.google.com/rss/articles/CBMic0FVX3lxTE5yMFJNek1kbUlMQ3RsYzVlZVY2WUhxT2VBcjhSQVJ0djBwTjVHMEs4SmcxOWdoel85dUxKQlczYjdnbFFBTVI5eWtwMW9OT0Jaakx0d2M3V0lIemNOYVU4VG9qQ0dfVjhzR2hndkZ3bnE3WjA?oc=5
2026-06-21T08:22:00+09:00,483650,달바글로벌,2026-06-17,"[MK시그널] 달바글로벌, 해외 고성장에 따른 실적 서프라이즈 등에 주가 상승세... MK시그널 추천 후 상승률 15.89% 기록 - 매일경제",positive,0.993719,0.993719,https://news.google.com/rss/articles/CBMiUkFVX3lxTE00N09hOUR3RXF6V0w5d3BZc21SWGwwTkZwQ2tFb2l2LXJSMjJlVE1TZ1JYWV9ndmczRlUxSGlwcUxDNHJlLS0xM1dwXzFQMWlLcEE?oc=5
2026-06-21T08:22:00+09:00,483650,달바글로벌,2026-06-19,"[장중수급포착] 달바글로벌, 외국인 5일 연속 순매수행진... 주가 +1.25% - 뉴스핌",positive,0.993764,0.993764,https://news.google.com/rss/articles/CBMiXEFVX3lxTE1leVNtNzFUWV9reVdoc1VfdDVOMGNzcHNTbWVXczh5MVFhNEVUUzNMSVllT0NaU0Z0QmtDV0VPZ1NGcHRBVi1oNGYtUlZ3S0JRcS1YUUtETVdTRTZm?oc=5
2026-06-21T08:22:00+09:00,483650,달바글로벌,2026-06-14,달바글로벌 투자분석 2026. 06. 14 - 주달,neutral,0.990822,0.0,https://news.google.com/rss/articles/CBMic0FVX3lxTE1pSFAtT29MVFRlT3NVOHBvNG1SOUtHVmt0aDZEMEZGUXhTOUVWS2pzMmZERGZaVmN6Nm5WOG5yOGx6UzZFTVJvZy12NndJblZ3OE1KVXFKaG5CMUoxMzBXZ0lac2ZqaW9INlk2ZlNzbVN6bmc?oc=5
2026-06-21T08:22:00+09:00,483650,달바글로벌,2026-06-20,[6월 3주 화장품 주가] 반도체 쏠림으로 화장품업종 65개 중 52개 하락 - 코스인코리아닷컴,negative,0.982819,-0.982819,https://news.google.com/rss/articles/CBMiY0FVX3lxTE5Mb1BfRXJ2ZThuRTZxVUlrdm9zeUdHUnJ0WWE3dGNLQlpNWENfYWlEb0d4c1NfQVJDRk9ZUDNZa09xQ0owcXI2UEQwN1pMU3c4Vk5TRUJubHZ1Z0luUHV1UDNPVQ?oc=5
2026-06-21T08:22:00+09:00,080220,제주반도체,2026-06-17,"제주반도체 주가, 급등세... 이유는? - 금강일보",positive,0.991473,0.991473,https://news.google.com/rss/articles/CBMiakFVX3lxTE5neWFHaVJ0UE1SZ2F2YkFHdzY2d3N0eWcyYWNIamxtNUZxRjhMUFFsdUhia2txLTNjYVVjd3B3VEUwdTBYaUYtREFpckZnXzctbFROVktSZVd0WnNBN1BMMnE2YWJTU05DWUE?oc=5
2026-06-21T08:22:00+09:00,080220,제주반도체,2026-06-17,"제주반도체 주가, 6월 17일 장중 108,700원 7.41% 상승 - 톱스타뉴스",positive,0.992921,0.992921,https://news.google.com/rss/articles/CBMickFVX3lxTFBwWGJkbGZ0YjA4dVZ4NmdZT3FSaTUwN25SNzBWUlowbVdwVUdMTEtwdk1URmhYWHFaSDhHNjVEejNreTFYZFBKNEZNc2NIQ283TlN0MlowcU1sWUN4Y1FLZkJpMTZneWsxRnFwQXpDZE5HQQ?oc=5
2026-06-21T08:22:00+09:00,080220,제주반도체,2026-06-19,"[장중수급포착] 제주반도체, 외국인/기관 동시 순매수… 주가 +5.52% - 뉴스핌",positive,0.993648,0.993648,https://news.google.com/rss/articles/CBMiXEFVX3lxTE9qNExyOVVmbjg0TDc4dWZQWUE3VFdIUXFrNGhNTkx6WFJ5UzZZOUtWZm03dFhFWi14OGktRl9waU8tUTQzcFFNdVcyZnRqbVluZy1DQVRBRGVuRHlV?oc=5
2026-06-21T08:22:00+09:00,080220,제주반도체,2026-06-17,"[속보] 제주반도체 VI 발동, 주가 도약…장초반 10만8000원대 강세 - CBC뉴스",positive,0.993568,0.993568,https://news.google.com/rss/articles/CBMiaEFVX3lxTFBSVjdLX0FaWVpFQ0hkamVQRU9vNVdLT051aHVpVVlBdElRdS1yMW5VOEFZOG9rbmRCb0dfOWczTkZKQ3N1aVJpYmtaMTZWLWE2NTczSkVPMTZBSkN3VHJ4dDBxOWhMVDhY?oc=5
2026-06-21T08:22:00+09:00,080220,제주반도체,2026-06-18,제주반도체 투자분석 2026. 06. 18 - 주달,neutral,0.991014,0.0,https://news.google.com/rss/articles/CBMic0FVX3lxTE83UkFfZjZFZ3ZfWU15WTR3ZTlxTnE3THptUzNiNVBQTjBMbHB1bzd4NmVzQl9UbkkydVVZMEwyUDNrdzZWeW9ieHJaYWVsMzZBdmFyT3g2SDN5MXg1VkFVMjhIemtzWlI2eWczdnVVc3NBeTg?oc=5
2026-06-21T08:22:00+09:00,023530,롯데쇼핑,2026-06-17,"[리포트 브리핑]롯데쇼핑, '백화점이 이끌고, 계열사가 따라오고' 목표가 260,000원 - 대신증권 - 뉴스핌",neutral,0.976375,0.0,https://news.google.com/rss/articles/CBMiXEFVX3lxTE1pTzU0R2lXUWZfZkRVNzNTU1R5bEotY3d3VkZ3VzZ1Zl8xak1DbDdTNGRvR1RIeUJjS3pka3JMQjd6VjJXblJrbUpFWksteDZwcWxSU242UUtheXY0?oc=5
2026-06-21T08:22:00+09:00,023530,롯데쇼핑,2026-06-18,"외국인 매출 90% 늘어난 롯데쇼핑, 백화점 실적 반등 본격화 - 더파워",positive,0.993654,0.993654,https://news.google.com/rss/articles/CBMifkFVX3lxTE1KLU5uVFJJcmdxeGpRTHhRUnlwTHBMSFdUMWVyV3otWDlIX2ZYNkk5TTktTTFIQ0o0Q3NoaFFnTkRETTNaNjVSNG9HX2FCNzc0QXF3TXhadmhGTXo3LU13QXNQdlVFTXVWX1ZraGZBMjdDU1o3QnBFRWt0VkFoZw?oc=5
2026-06-21T08:22:00+09:00,023530,롯데쇼핑,2026-06-17,서울·부산에서 외국 관광객이 몰려가는 이곳…목표가↑ [클릭 e종목] - v.daum.net,positive,0.961472,0.961472,https://news.google.com/rss/articles/CBMiRkFVX3lxTE1CcWJDQ1hxNjRHUFU4VkFQN2NUTmpaVEk2QTJvWG5tLWxzOGxuSE01d1VjZndsYWdKRGhtb2NIQ1BCaFlEekE?oc=5
2026-06-21T08:22:00+09:00,023530,롯데쇼핑,2026-06-14,"키움증권 ""중국인 몰려오고 백화점 매출 폭증…롯데쇼핑 목표주가 또 올랐다"" - 핀포인트뉴스",positive,0.993283,0.993283,https://news.google.com/rss/articles/CBMic0FVX3lxTE1yVUtRbDVnZG00aFJxUXZFOGgyQlJZaXE2WmVFd3hhUi1Nc1dpbFlJM0FDdW5jdGpPZXJXSno3UkhjbnM0dHZwNlZKZ0hSU2l0Zmx3Sk9UanJCYmVONjBkMU9PVmh5RGVoV1E5U3NNRjhpeTg?oc=5
2026-06-21T08:22:00+09:00,023530,롯데쇼핑,2026-06-19,'예상 밖 반전'…유통 분야서 유독 백화점 주가가 폭등하는 이유 - 더바이어,positive,0.993398,0.993398,https://news.google.com/rss/articles/CBMia0FVX3lxTE4xdV9nZl9HemhzVUNTMGg5UkpPakgzVGNsdEhsWTZYZnBFZ2EzV1Nub2toc1pkWVVwbnFwc01USEo0OW5RZ3E4WTZnaThBSjNSd2EzbG1ZRU1JR3hLcUg3cWNOY2JqZUxDVkJv?oc=5
2026-06-21T08:22:00+09:00,039830,오로라,2026-06-17,"증권가 ""사상 최대 실적 전망""…오로라 8%↑ - 마켓인",positive,0.993336,0.993336,https://news.google.com/rss/articles/CBMic0FVX3lxTFBEQTc3eFNGcko2TWMwbW54YU5ZbTdQaXhHMi1TdXl6eXRMN1B5eWZYUWZUSVlaOUU4QjlmWDN1LUdJMUhaSHZld2g4WXBUeFpvZnNLeHRDcU01eXltTVhoNWNGN2FZc2xnbHZyY1lyQjFlZW8?oc=5
2026-06-21T08:22:00+09:00,039830,오로라,2026-06-16,"NH투자증권 ""오로라, 미국 법인 성장 등 사상 최대 실적"" - 글로벌이코노믹",positive,0.993403,0.993403,https://news.google.com/rss/articles/CBMiiAFBVV95cUxORnZoSkNKaVhUU0M2LWp4bHRkX05RWTdZYzIxR2FhR0xCSFlIV0NQX0ExOW4yV1dWcDBHMGthTHlpeWRGdEUtVU9MbDVIVG5xSk9wUnc5d1ZJWmZ1Ty1TUE44SUtNbEEyMlZKLWtpX3pUQTFKOG4wS1NxRHVDRXBJRjBKOTR2aXlY?oc=5
2026-06-21T08:22:00+09:00,039830,오로라,2026-06-14,오로라 투자분석 2026. 06. 14 - 주달,neutral,0.987052,0.0,https://news.google.com/rss/articles/CBMic0FVX3lxTE5VVlUwY21ZdmpmNWw2M0x2Qll2aHBBNFFXdHc0ZkR6UGFUMkNYNThITDhGeTI3UmRIS0tBZDFmTU9KY1ZjWTBJZXRkN0pUeF9jcndKWmxFSGRBY3drQkFoQ1NWTGpyZ0t3RkMxRFJjdTNQOWM?oc=5
2026-06-21T08:22:00+09:00,039830,오로라,2026-06-16,"NH투자증권 ""오로라, 팜팔스·美법인 성장에 사상 최대 실적…판교 사옥 매각도 주목"" - 이투데이",positive,0.9911,0.9911,https://news.google.com/rss/articles/CBMiVEFVX3lxTE91WG5rc25GcFNzamIyNHI4VTlSUDhscUZwclViTTR2eWdRYVVDbldMamc5TEowQ2hKbURzTVJwazBIOWduaDNZNy0tMm5tTS1hMEc0MQ?oc=5
2026-06-21T08:22:00+09:00,039830,오로라,2026-06-18,"Oklo, 센트러스와 핵연료 공급 계약 체결로 주가 상승 - Investing.com 한국어",positive,0.993837,0.993837,https://news.google.com/rss/articles/CBMid0FVX3lxTE40X2N2WGZSOXlkYmlWbUFDNUQxOVlIUHhxdDNQZHNhTHhEVnJjMUFjTng3WWxZOUtLWFotdURoR0FxSWFWRW5YdGlRVXR1c0FlcXlwNW55S2JqSHR1Nks3M3RNQ0JmeFROejdlMnE5MmRnSUxLT3hj?oc=5
2026-06-21T08:22:00+09:00,016360,삼성증권,2026-06-17,"삼성證 “엘앤에프, 목표주가 21만원 하향하지만⋯LFP 양산 개시ㆍ밸류 매력↑ ” - v.daum.net",positive,0.992777,0.992777,https://news.google.com/rss/articles/CBMiT0FVX3lxTE1pYXgzZkRQLTU2RnBtMnpoVXVRNDBHcC1NMmJNeklxZk5vaGdlZnh0YW0zdTY1REVYNjhiNmljUlU4NVJFU3lvLUJadjV5ck0?oc=5
2026-06-21T08:22:00+09:00,016360,삼성증권,2026-06-15,"삼성증권 ""강원랜드, 본격적인 성장은 2028년 이후"" - 연합뉴스",positive,0.813169,0.813169,https://news.google.com/rss/articles/CBMiW0FVX3lxTE1vTlJzcUM4Q3NEVWRTd2llSVl5QTJyRDU3cW9ueTZVT082Ylk1OXUyMTZfNGhRc1p0c25DM05nUWJvZkY5LTB1RFdjY2s0TDFkcmFjT1MwZlh5RWvSAWBBVV95cUxOM0ZDVkk4LU9JbDB1QXB3cE1tMmI5Vl9mRGtHNGdBRTFIM2YtTFZTVG9LeTdzM2pqSk5EMjJ4RWI1Nzg4WWdvZ1RtTFZMQjFCTWtNUGR2Wl9zT1RIVXk3eUg?oc=5
2026-06-21T08:22:00+09:00,016360,삼성증권,2026-06-19,"한국금융지주·삼성증권, 증권업종 최선호주 선정… 배당수익률 4~5%대 '매력적' - S저널",positive,0.991435,0.991435,https://news.google.com/rss/articles/CBMibkFVX3lxTFA3TGIzcHUtUFlRNjlqbDl6SEF6b1czVWswMldUTDFJcWNIWUxJNVlmVFE3d1B4eFp3SUlMN1l1cnozbmJ5ZTZNUlJRaFU0N25tMjdqeGgyMlowM2p4TVE1b3JNVGlCbXBZUW0xMm5B?oc=5
2026-06-21T08:22:00+09:00,016360,삼성증권,2026-06-18,"삼성증권 ""YG엔터테인먼트 성과 확대 구간 진입할 듯, 아티스트 포트폴리오 강화 덕분"" - 비즈니스포스트",positive,0.992035,0.992035,https://news.google.com/rss/articles/CBMic0FVX3lxTFBhcm5uQm11QjRXY0ZycXNNWmFNVHp3NzhDb0x3c3htSDJ3UEUzRWJUNWsxM0xIOWRSbUFjMWNHTEg4X1F2OXMzeWYxaGVGcE9MQ0J0SmdwdFpyazA5bnNyMWRSN2V3YkZpdVJlM3ppYVhWZm8?oc=5
2026-06-21T08:22:00+09:00,016360,삼성증권,2026-06-15,"삼성생명 '삼성전자 주가 상승, 양날의 검' 증권사 발표에 강세…4.8% - 매일경제 마켓",positive,0.988723,0.988723,https://news.google.com/rss/articles/CBMiUkFVX3lxTE1YdWx2MFBFcW9pOGxKTWtJWk1vVHZ0X0lMcEM3cnR2SEtDV2VsMlM3V3d2YTQ3cUMwcWUzWnE2RVk3Qy15LXR3QW1RVkMwcGR0ZlE?oc=5
2026-06-21T08:22:00+09:00,014910,성문전자,2026-06-19,"성문전자 주가, 급등세... 무슨 회사길래? - 금강일보",positive,0.992507,0.992507,https://news.google.com/rss/articles/CBMiakFVX3lxTE43QWtZaVlpanpYY013Z1BGTm53RXBWMm9rX3Fnakg2YTJUc1VQMVVVRzY2SFNFby0xTUxlekh6V0tWQWppQnZ4MWV0ajdhb0dseDV5Mm13ZFFJazFUWVVtYU5OcGdVaDh5UGc?oc=5
2026-06-21T08:22:00+09:00,014910,성문전자,2026-06-18,"성문전자 주가, 6월 18일 2,820원 9.94% 상승 마감 - 톱스타뉴스",positive,0.99312,0.99312,https://news.google.com/rss/articles/CBMickFVX3lxTFBkdjBzcUNFcTNITjZKNUJXanZuUzlHb2JGUHpQbnVuX0ZWNDI0aTNtRGdKTXh2QTdXckJLMDZMaFNSbGdxcVRnbHlQV196QUdrU3N2Y3QteVpqYXNNTWZQekFIXzQ4OW90c09VUWM0bUozZw?oc=5
2026-06-21T08:22:00+09:00,014910,성문전자,2026-06-19,실적 늘고 주가 다졌는데…시장서 소외됐던 성문전자 '저평가 매력' 부각 - 핀포인트뉴스,positive,0.993275,0.993275,https://news.google.com/rss/articles/CBMic0FVX3lxTE9vT3dXNmE2Z2lIRURua2VYVldQUGpsSU1UNkhiVGJBeF9pRmZ4QXo2dVJybmhQOWdLY245RkZfRFd5bzFEaEtNMUxKb2gxLU1VVmNIY2lqNXFrd09CQ0gwdUk0UXBybThURl9JWUdSS05Nc0XSAXdBVV95cUxPRzRteF9RUWxLSi12WHJRem5DcnFfbmJiaDJqd3JoU0QzSTVOb2htTXptcjkzdnBnYXFXTElaTnItQ3dzTG5kd0xsUUpLQy1lRWlzR1J3TjJYMWVwdWJXS2NJU1lJRHlYS3lpa1A0bEd3N1FFeDdaTQ?oc=5
2026-06-21T08:22:00+09:00,014910,성문전자,2026-06-18,"[적중! 대박 예감] '성문전자, 아바텍' 내일장 예감 좋은 대박 종목은? - 머니투데이 - 머니투데이",positive,0.990005,0.990005,https://news.google.com/rss/articles/CBMibkFVX3lxTE03NDgwYkpPT2xnOFkyS2U1SXc4S2tIclBvMG1sUFVQcVJNUVJnVV81cEtVYnl3S2hXdUlOT2lGbXdsN2tDdHNGM1ZEcDFncjk5VFhEZWhpUXBKb3VXTE04bXRuLUV5X2hZaGlKZHJ30gFuQVVfeXFMTTc0ODBiSk9PbGc4WTJLZTVJdzhLa0hyUG8wbWxQVVBxUk1RUmdVXzVwS1VieXdLaFd1SU5PaUZtd2w3a0N0c0YzVkRwMWdyOTlUWERlaGlRcEpvdVdMTThtdG4tRXlfaFloaUpkcnc?oc=5
2026-06-21T08:22:00+09:00,014910,성문전자,2026-06-18,"[적중! 대박 예감] '성문전자, 아바텍' 내일장 예감 좋은 대박 종목은? - MTN 머니투데이방송",positive,0.989486,0.989486,https://news.google.com/rss/articles/CBMiZEFVX3lxTE5uRkZMb0puVFMzX3VRbzBWdW0xYjVOQkZTZXA3bm1fMkU0Zy1faWw5UHdCaDVIZmJhVDMzX2ppaTRwWDJreU5yTF9iN0Z0Wk42V3VRX21jd01STWZJZVZqeXR3Nmg?oc=5
2026-06-21T08:22:00+09:00,055550,신한지주,2026-06-14,"하나증권 ""신한지주 비은행 수익력 개선…목표주가 상향"" - 연합뉴스",positive,0.993537,0.993537,https://news.google.com/rss/articles/CBMie0FVX3lxTFBacVNPOXdKdndSMHAwMGROR3haY0M0UHcxamxvN1FBb3h4b2tVSEwwLUtBZzh4ZHZReXdWakRRVjBOVEVLVVd2VUV1Uzl2Z1lhYmNXWXRTbHQ1S1Z2Y0hHQ09FR05pRmVxNXBfSlBtWkd0by12cTktX0FCY9IBYEFVX3lxTE1kYS1XV21nVjZlTjI4eWdzUnQ5YlBNQ2NNd2dFU0xzdk50SVdiUGhzbkNIdzI4QnpEOVg0Vk1mb0JzMmhrRVZkTGxQSU5NN1VzcnFuM19aUENVZzFaTnFKVg?oc=5
2026-06-21T08:22:00+09:00,055550,신한지주,2026-06-15,신한지주 'CET 1 비율 상승은 RWA 재배분을 통해 ROE와 주주환원율 개선에 기여' 증권사 발표에 강세…3.92% - 매일경제 마켓,positive,0.993715,0.993715,https://news.google.com/rss/articles/CBMiUkFVX3lxTFBFZnU4V1ViUklQNWtlSHlCU2FjMkN1Zm9QTmsyOFhoQ0otRldSRjF5T0tJM3Z5STRoRWdFSFV2em5UZklQeWV2UE5lSVVDN29SYkE?oc=5
2026-06-21T08:22:00+09:00,055550,신한지주,2026-06-19,역대급 실적에 목표가 줄줄이 상향…증권가 주목한 종목 - 한국경제,positive,0.993297,0.993297,https://news.google.com/rss/articles/CBMiWkFVX3lxTE1zVWNkUGw1VExVcGdpbktZS2JVUTloemxITWo0UjZaQjJmRWJBR1lnYzBpU01BaUVhOEx5cUphc2xWNjdZaFNTU1dNRHF3SHpCQlJCRjdLZS0wd9IBVEFVX3lxTE8xaEZYM2t6alR5MkllRFhBR2pLZFQwbTFXVWNsRmxoNzJIbmxtQTB4dlJlSVRhdnQ4cGxOZHllUUprNjVPWFBqY3VUVUpyaHZYdWJTWQ?oc=5
2026-06-21T08:22:00+09:00,055550,신한지주,2026-06-14,"하나證 ""신한지주, 비은행업권 수익 개선 기대…목표가↑"" - v.daum.net",positive,0.993796,0.993796,https://news.google.com/rss/articles/CBMiRkFVX3lxTE1DYjAyWUVlckJTN3dKNkowM3FDYVh3YzVRelB0U21obXFVN25qMy1YcDBOUXJERTA1cFVLNkRFcFpRWGsybWc?oc=5
2026-06-21T08:22:00+09:00,055550,신한지주,2026-06-18,“주주가치 높인다더니”…우리금융만 경영진 ‘자사주 0주’ 주주들 분통 - 네이버 프리미엄콘텐츠,negative,0.9775,-0.9775,https://news.google.com/rss/articles/CBMigwFBVV95cUxOVmdqd2FRck1HRTBoSHNDM19kOUtTeU9tVVN5SDh5T2phcUNXTS1fc3BET2lGRVMxQ3RuNXExT1dvUlM1S2dOMUdIN3R0bzFRWG9jWm43Z212V0tZMkFzajRlNDhma0FVSVk1MjhHSnZmV0NzUk11NVRZNlVPZGJ1bE5kOA?oc=5
2026-06-21T08:22:00+09:00,000990,DB하이텍,2026-06-19,DB하이텍 투자분석 2026. 06. 19 - 주달,neutral,0.985972,0.0,https://news.google.com/rss/articles/CBMic0FVX3lxTE9nNmg0MHoyNS1NaTZuZGFTVWswVDlTNVNlejA3MDFhRWs2aG91WDF2Z3pJRWdMR3REejQ5b1hqeF9MblNrUVR6bTdLQk04NGt3S28zN1h1aDdTODkwRWhGZHpCOTNYel9CZUVLUTFwT19fRUk?oc=5
2026-06-21T08:22:00+09:00,000990,DB하이텍,2026-06-19,"주가 상승여력 여전…삼전닉스, 계속 산다[주식 초고수는 지금] - 매일경제",positive,0.987164,0.987164,https://news.google.com/rss/articles/CBMiUkFVX3lxTE42a1E4TExHUUNtemV2TXlmVEppS1RILUVCTVFrdkRMdWJuQXJmUTJwMEw3XzAyTjdCSjlfMFNGam5yclZQQTZ2bW1uQ1dyZnVoZUE?oc=5
2026-06-21T08:22:00+09:00,000990,DB하이텍,2026-06-19,‘37만전자’ 담는 ‘상위 1%’…1만피 향해 반도체·전력기기株 베팅[주식초고수는 지금] - 서울경제,neutral,0.962636,0.0,https://news.google.com/rss/articles/CBMiUkFVX3lxTFBvdktBa3lYR2NTbUlPSUhTazlwZ1owWGZJTDhPT0ZwRThZei1HYlBWVkRmZWR4ZjdHTHBnUUR6ZXRYZVhzNHNvaUVMa0FRblo2SnfSAVNBVV95cUxQYU0zLUF3aGFBdUlHVzd3MHVZRXFIUm1oRzk4aUhnalgyTnFvNnY4dDN0RkdxM3ZZZGkyV3hKZURTU2h5Q1hoMzE0N0VCb0c2MHJHUQ?oc=5
2026-06-21T08:22:00+09:00,000990,DB하이텍,2026-06-16,"100대 기업, 올해 1~5월 주식보상 규모 2조2811억원…전년 동기 대비 3.3배 - CEO스코어데일리",neutral,0.972087,0.0,https://news.google.com/rss/articles/CBMiaEFVX3lxTE5pM24xZGhQZEt6ZEFpcllUVjJyU2ZBUUJOM0hUUUNHQXBCeGpVNnJnRjNzMUQtS0VyVGwtT3RDTkkyS1NzR3NmVlhSaVdOQjNQaEF1V0V3OTFGTjkyZm4wSm1od3NTWWw0?oc=5
2026-06-21T08:22:00+09:00,000990,DB하이텍,2026-06-17,"주요 기업 주식 보상, 전년 대비 3.3배 뛰었다 - 스카이데일리",positive,0.968103,0.968103,https://news.google.com/rss/articles/CBMiZkFVX3lxTE5xSktmVHJkWkhsU2JFN3pjUmotMHhRUUV2VGJLWGgzYkt2bC1qVFJlc0NPV3FjRFNzZmk1ZTJrRVhmNUFDQlV2UENaWkNxa1JneTB4V2V3RndubzJ3LXMwdjZoZ3kxUQ?oc=5
2026-06-21T08:22:00+09:00,067310,하나마이크론,2026-06-17,"하나마이크론 주가, 6월 17일 장중 51,400원 2.59% 상승 - 톱스타뉴스",positive,0.993243,0.993243,https://news.google.com/rss/articles/CBMickFVX3lxTE0xblRISGphaE10WkJQX2lLUnFlSFZVQ24zcGtkeU5lN2FDOE9sSFRtTHJBalpQUmhfLUh1UUpuNEtEYUxoYl9XMXhpVkppMEpnVW5zclg0bnRRaEtIYmI0azNJak9iWHl5QnZ0OVZiN0pJQQ?oc=5
2026-06-21T08:22:00+09:00,067310,하나마이크론,2026-06-14,하나마이크론 투자분석 2026. 06. 14 - 주달,neutral,0.991641,0.0,https://news.google.com/rss/articles/CBMic0FVX3lxTE16M2ttTV9uWU1JeWxIR3MzUWFiZDlSYnZJX0tFellWN3pUejJuSFk4N3dzcDVYV3Rxd005SU9iaU1MUlhHSlFpTlJRS1pnbVllTjNPcnkzNWtQMlhQVWRHRVk1VTh3bW04akZUV0JZLUN2QzA?oc=5
2026-06-21T08:22:00+09:00,067310,하나마이크론,2026-06-15,반도체 장비株로 확대된 반도체 랠리 - 중소기업신문,positive,0.989945,0.989945,https://news.google.com/rss/articles/CBMibkFVX3lxTE8xWXZPdTRnNUJjTG1MTGtzUkhlSENKOEhqYTY1MFE1aFlkUGdVUE85dnVYWHlSZHRnd2lRNWlIbGkyTG51ekVwc2pTbEVicXFLOTVMb3BBNGIzbnY3RUctcDIzYnVyMDN5UHlocjZB?oc=5
2026-06-21T08:22:00+09:00,067310,하나마이크론,2026-06-17,"[특징주] SK하이닉스, 사상 첫 250만원 돌파…5%대 강세 - 뉴스드림",positive,0.993801,0.993801,https://news.google.com/rss/articles/CBMiakFVX3lxTE9kNnl5Sk1jTXVXek5hSHpGRFRXLUd0bVhXbEFBdG5hSUsyQzVUZkluRzBEUW9zcXRlQWRISkEzQWZjOWczZ2tHdXlaTWhBNmEzMFQzRmg4N1N4MnNwUXJmRjlveElJdFhQeEHSAW5BVV95cUxNNVRVX3h5cV92aTdTOHZNcFkzaldxVHhSWnJyUXhkZG9EdjlhdWVRVm9qenlhWUs3ckVrS2VyVnAxTENNZmlTTjdYd3Fza3RKTGFGb3lBT0lVblg2MUEwam55bTRCaExjcGt6RF9oQQ?oc=5
2026-06-21T08:22:00+09:00,067310,하나마이크론,2026-06-18,"18일, 외국인 코스닥에서 이오테크닉스(0.00%), 에코프로(-4.32%) 등 순매수 - 한국경제",neutral,0.987442,0.0,https://news.google.com/rss/articles/CBMiWkFVX3lxTE9EMjkxOUx4QTNKRE9iWUlhVUdzLXhfdWhORlBzdTRuX0ZRN052b1preWVreFRzZEtMOGNRd3g3RXBMcUx2cGNEMjR2ZHk4bXdQRTVOOFBMZnlEZ9IBVEFVX3lxTE5zYmdBUHAyWVBPbXNmZy0tM0UtWGdIMzI5aWhSMlBfaXdNM1RFZDZrV2hBMnl2eFVQS1g5Z0RldTlHNnhpZWJWb2J6eHNXLUdBdUQzSg?oc=5
2026-06-21T08:22:00+09:00,446540,메가터치,2026-06-15,"최우용 상무이사, 메가터치 주식 1997주 추가 매수 - 디지털투데이",positive,0.990957,0.990957,https://news.google.com/rss/articles/CBMic0FVX3lxTE9uRERHVzBkOVhYeWJ0aEw0MXQ1SWxNYXlMazJ0WlFCWUtjZEZQbjBJUGJtYVhHRHNDQ1FxMC1IVTB5d3hQRURfWlJ1RjdKbnlUYVNwOHlBRjM2djdHNVhhZ0FBemVfMEM1emw3cWRhY3VYVXM?oc=5
2026-06-21T08:22:00+09:00,446540,메가터치,2026-06-19,메가터치 투자분석 2026. 06. 19 - 주달,neutral,0.99148,0.0,https://news.google.com/rss/articles/CBMic0FVX3lxTFBZZk11U0IzZ3llaTFKLUd3OWxpSkZkN2Jza0Q0UFpzZ2gyTHlza0JGMTRnNGp5TC1pbHdKQS1UczUtQTl0Zm94akJidHNVNVRxWnVLQ0tIX3V5VU9PS01sVl9qYV9rUldIUzhpSmN0Z21YWnM?oc=5
2026-06-21T08:22:00+09:00,446540,메가터치,2026-06-18,"[장중수급포착] 메가터치, 외국인/기관 동시 순매수… 주가 +2.86% - 뉴스핌",positive,0.993635,0.993635,https://news.google.com/rss/articles/CBMiXEFVX3lxTE8yTU8xTU00QmdYNzVwNjhPNWoxYjNHOXozVExMN3lOR3Z3N2hmc2JET000X014UmxQakpWdEkxSXNxaGpWMTZ2Qk9fNm56QkY0SjQ0dnZKTmxQYXJT?oc=5
2026-06-21T08:22:00+09:00,034730,SK,2026-06-14,"""16만원이냐 59만원이냐""…최태원·노소영, 이번엔 SK 주가 전쟁 - 한국경제",neutral,0.744048,0.0,https://news.google.com/rss/articles/CBMiWkFVX3lxTE5rdjJHUy03TFZ6bGtsNzhwOEctdTJrSkh3eWxYb0hadFQ2anZ5ZklHZ0o0MUo0MjJKVGs0b3EzdERYeE9tTEdJTFFwNFZrSnNHN2tGQ2p2Z2ZWQdIBVEFVX3lxTE51WW5sR01WWmZCLVpXR1VWNFhjclFDTzlQelZpaU5oUTAxU2FjdW9oM1JWMFllWVJFcXlhYVB5VWk3Xzlab2tOdlBQUU54RzU3eVFEVA?oc=5
2026-06-21T08:22:00+09:00,034730,SK,2026-06-14,SK 주가 4배 뛴 사이…최태원·노소영 2년 만에 마주한다 - 조선일보,positive,0.812946,0.812946,https://news.google.com/rss/articles/CBMiakFVX3lxTE5vdmVndHZobmptMmhTRlpUOVlHTEhqS01vUkZ2TTVqdl94QzlSTzA4cmlZTndmd1dER1h3Y3lDaDRrNXVEWUE0YzFLM0tLd1E0S21xVHM3VXJ4OFU3VnhQVnI0cjlkWDQ0VVHSAW5BVV95cUxNLU5Ed29WREc0dndmN2JxVm5vWWd0N3ktc0d4V3BfbDU5U29maHJmU3ZqNkt4VWN0LUtJYmY4eUhfSWtLQk5qdE10U3IzQzNLeHgyQzRzODZNOS1udUxRVUswTHdGTGRoRFhXZzdudw?oc=5
2026-06-21T08:22:00+09:00,034730,SK,2026-06-14,‘3배 폭등’ SK 주가가 최대 변수?…최태원·노소영 2년 만에 법정 대면 - 경향신문,negative,0.988607,-0.988607,https://news.google.com/rss/articles/CBMiWkFVX3lxTFBRdUxRUjZJRXYtcmQ1NmktcFJsQi1GUUoxQWlXcEt1bjU5QzZFdmtnMHFOdC0tZFhHQmJoUDJYVG1LeVVXeENhdTBQQWZmcXlPc3NsZmlHbHFxUdIBX0FVX3lxTE9HeXA0YWE5RDZVTHFkYkVWdjA4Z1YtcEJ2ZlE4MFl4WVRFcHVwajRucDRZTFVuVnh5amxvQWtnZWVWNGZkYXRmbEVKTEo2TFFUbG43Y1BfU2RFQm5hd1Z3?oc=5
2026-06-21T08:22:00+09:00,034730,SK,2026-06-14,"""3배 뛴 SK 주가""…최태원·노소영 재산분할 최대 변수 - v.daum.net",positive,0.979306,0.979306,https://news.google.com/rss/articles/CBMiVEFVX3lxTFBDZkxwTzNYWEs3b0tzdW9Tc3ZOLVBaUlhfOHhwTk9uWm1kby16Q1drRmRIY1dEeXVIaHRQMnhpT2JVTEhPM1Fmai13Q2dSVVRFaDl1cw?oc=5
2026-06-21T08:22:00+09:00,034730,SK,2026-06-14,2년 만에 마주 앉는 최태원·노소영…SK 주가 60만원이 바꾼 '1조 소송'(5부) - 세종의소리,neutral,0.550779,0.0,https://news.google.com/rss/articles/CBMiZ0FVX3lxTE1uaXg4bDRMbW1NSzlzVGZ5MHkzY1dUNm81bjlNZkw1Nmk3bXYzR3MwOW1LazcySGdWSEdtYk82WnE1UVZET3NUM2t2NFhTZ3dUNmNiQVNTOVozVnJYT2U0VHc4ZVlGTHM?oc=5
2026-06-21T08:22:00+09:00,033780,KT&G,2026-06-14,"널뛰는 코스피…증권가 ""방어주 KT&G 투자 적기"" [종목+] - 한국경제",negative,0.964552,-0.964552,https://news.google.com/rss/articles/CBMiWkFVX3lxTE5iVzJKWWFIRk00WnlJOHJMRnVSSHpabTJ2MFUzRGp6SjNxTEN2cUZ0UjJDZ3NyQVdaSm9kQXhSMEV3M3hWRXRnbVItTnd2dzBiVjg4SkdVaFQ0QdIBVEFVX3lxTFBaS3UxX053Q3V2N3BBUmVzWW1SYlo2N09QRUM1bHdhaHFKSXdyczB3SE1UbEJLdTlSZ0s5OGlsVmxkOUx3b0Y3OWpySzdlUzNxN0lDRw?oc=5
2026-06-21T08:22:00+09:00,033780,KT&G,2026-06-16,"안정·성장·배당 삼박자...KT&G, 美 액티브 펀드서 ‘매수 러시’ - 뉴스톱",positive,0.993638,0.993638,https://news.google.com/rss/articles/CBMib0FVX3lxTE1jYjNEUkUwZDVkZUpkWERETU5UVGhIMHptdjBYLTNYU1ZZZVJNNG1hZ3FVNExlcjVVdVhjLTk5cThIdEtDU3BYZ1lzLXhxbl9IX0JkZzAwbzJJLUp6OC0zMWE4N00wd1V3MzRwZFJ4WQ?oc=5
2026-06-21T08:22:00+09:00,033780,KT&G,2026-06-19,외국인이 더 담는 KT&G…외인 지분율 51% 돌파 - v.daum.net,positive,0.99081,0.99081,https://news.google.com/rss/articles/CBMiS0FVX3lxTE5xbW1SeVI3SlRUZHh6UnBaZUF6ZW9rUWc2LUY5Q082LXdYdVdKdlV5Yk5BQUE1YUlmajFfRjdqMjB0QWFXNWJaQU10dw?oc=5
2026-06-21T08:22:00+09:00,033780,KT&G,2026-06-20,"[주목 e-주식] KTnG, 3년 만에 주가 117% 폭등…""외국인 자금·역대급 실적이 만든 ‘18만 원 시대’"" - 이코노미톡뉴스",positive,0.993529,0.993529,https://news.google.com/rss/articles/CBMibEFVX3lxTE1nejU5ODlmdklCbENUR3NGNjM5WXRlVk54UWVockU0UEhTY1hVLUxLTm15dU1NRkV0LU1jY185ZWcxcUlZUEpiQklhbFZCUDFjc1lpU0NVclhabVpyV0lFRDFLazNvSXV2bFlMYg?oc=5
2026-06-21T08:22:00+09:00,033780,KT&G,2026-06-18,[Inside KT&G]③3800억 갭을 재무 무기로…유통주식 9.5% 소각 - PRESS9,neutral,0.940826,0.0,https://news.google.com/rss/articles/CBMiZkFVX3lxTE91X3NtMWpFaXpPaVRPRGd5N2YzcFBNYk5KTmJnSm1BV0ZiX0JjX09WY3NEVGpRLS16RlNLSjJXeVQ3azRTOTdTbmVxRHZ1LWUzWnlOR1JiMDB3VzFFcVhqNnZTc2FMQQ?oc=5
2026-06-21T08:22:00+09:00,057540,옴니시스템,2026-06-18,"옴니시스템, 소수계좌 거래집중 지정→투자주의 경보 - 톱스타뉴스",negative,0.584777,-0.584777,https://news.google.com/rss/articles/CBMickFVX3lxTE81Y0lxLWlVbFVTYVk5TXd3V3JPSVRXMGFIQVo4ZHg2UXlqb29wME9Dcm9WWHdWS2VSYWZVeTFNVWJtbzlNUjBfZHZGTngycWN1bDMwNVlJTlVrem9fZEZ5am8tYktoRExSZnR3OVVRVzhlQQ?oc=5
2026-06-21T08:22:00+09:00,057540,옴니시스템,2026-06-18,AI 시대 전력 관리가 돈 된다… 서전기전 ·삼화콘덴서 ·옴니시스템 주가 훨훨 - 핀포인트뉴스,positive,0.993619,0.993619,https://news.google.com/rss/articles/CBMic0FVX3lxTE1wcVMtZV80V3NVWVJ6c0pwMnZ1NUllaFAyQjM2UVR3clNJZTNVOE0tNlVDY0ZFeTZiSkJ0LVJHaTlJME9Yd2dVX3RiY1d0amY1SHdFNXB2cUpqM2lpRGNqTW5uZmt5UG5GQXpPM1RyTUlFX3PSAXdBVV95cUxNczBqdkwwNmU0NFlsWXNnVGlibjhBemx4dlFFRjQ2Mmljb3V2WkQ4UUJoRVRsdE0taG4wMDd6ZVJGZXhyYXJWT0lQQTFCVThJSWMyZmotZ2MwTS1ualZsb2M2cnBVZ3EwQXNnd0J3NG9XeDFiY0tpOA?oc=5
2026-06-21T08:22:00+09:00,057540,옴니시스템,2026-06-19,옴니시스템 투자분석 2026. 06. 19 - 주달,neutral,0.988956,0.0,https://news.google.com/rss/articles/CBMic0FVX3lxTE9uTlJtUUpfbzBhdGV0YWxCVkVPb0o1UHJneXloZkJnUzQ0VVhMSlZxTF8yYVl6X1diMjh5S3lqTW1jT29wQ2M1UFlNTDRza29JblhjckI2UTdEN3R6NWNDSjdfUkRXUHNsNlN6YzVaLThjSTg?oc=5
2026-06-21T08:22:00+09:00,057540,옴니시스템,2026-06-14,"거래소, 아스플로·피에스케이홀딩스 투자경고종목 지정 - 포인트데일리",negative,0.99149,-0.99149,https://news.google.com/rss/articles/CBMicEFVX3lxTE40R19kd2Q2QTJlSURpUkFuZ1plSl9DMUxzcTViZ2hhRFEwWUR4Z3ROSDZBcUV1elpIYWNjWnE3QjJWU2NwcEZtMlpTZy02MWMwSEVlRmNQa0VDSFdCYVk3ZllaNlhTX1lzMG5YVm10V2PSAXRBVV95cUxNX093TkVkOTRHdExZd0tHX3hRRHJ5YU84UnBvdFIxWVB3TlVHa1V5M0JVeEphSVIzeHp6dlM2ZHRyUTF4S3lFcVJ3YTNIRlAyOWxwTEZvQmhGek1zblJJNWpUSVJ4TC1ZdEtSU3JyQ0Vmd1BYWQ?oc=5
2026-06-21T08:22:00+09:00,057540,옴니시스템,2026-06-16,"AI 서버·전기차 다 잡는다…삼화전자, 전자부품 수요 폭발에 들썩 - 핀포인트뉴스",positive,0.99121,0.99121,https://news.google.com/rss/articles/CBMic0FVX3lxTE00eHRNYjUwbE1TR0V4X3NxTzZWM0RHTlNMUUNzMGFGdHBYeFI3c2FUVjRSWENkVUEzRTNFTnNTTEZLVWVrQXg0LVBldVFNZDJnZGZYXzhiVXB0amtRVk5LU2QtRkNRNWFpOEg3NTNTOUxpbHPSAXdBVV95cUxQcFc4MTktRW82ajFSdnNWMEM4Q2ZZTGdrTGxFSE41OTd4eVdlY2Z1Q3UyNGY0Y2ZaSzAzdTBzenZrQ0RfaHUwSkQ0emtOckZiVEl1V3JiRWZPclF1YVV0MXRLMVR3QXR3R3BRMmFyUmJidVR3d2NxNA?oc=5
2026-06-21T08:22:00+09:00,131290,티에스이,2026-06-20,티에스이 투자분석 2026. 06. 20 - 주달,neutral,0.991677,0.0,https://news.google.com/rss/articles/CBMic0FVX3lxTE0wcVBlZjRYdVVSYjdndmE4RUlyeFA4N2RyMnZnSUxDVzFYS0NIOHFqbzFLdTgwTGF6bWRveW9TV2JXS0FYY1gwMWVXd2lkOEdZbDhqc1JiOVdmSS1pa3pSWm9uNFpNR3NYSmVfNVZ4NkZBREk?oc=5
2026-06-21T08:22:00+09:00,131290,티에스이,2026-06-15,"15일, 외국인 코스닥에서 알테오젠(+3.56%), 아주IB투자(-6.33%) 등 순매수 - 한국경제",neutral,0.97401,0.0,https://news.google.com/rss/articles/CBMiWkFVX3lxTE1nOWFmYzdmY1BYU21pXzNfUGVCV1Z3UXFuNUpfMGt5dlZ4MG8yWlNndkZxY3RfRmNqaHpCNWxfRDFlVEMzX2J2RDZla1EzNE11SDlINFItUUVUd9IBVEFVX3lxTE5ORkxRVmthdC1NV19SU0tiSHRHMXg2NmU0N093QTI4WW1fV3lLZFpFWkgzRTZyajl2UUhCUV9hbEVaOFgtNnR3R3BZNUZudDV0dFNUSA?oc=5
2026-06-21T08:22:00+09:00,131290,티에스이,2026-06-15,전쟁 끝 생산 확대 시작…반도체 장비주에 부는 훈풍 - 머니투데이 - 머니투데이,positive,0.992957,0.992957,https://news.google.com/rss/articles/CBMiaEFVX3lxTE9GVVVfc1dUU0pRZlFsTndldGJLREw1VU5sTl9nVVo3YWhyQVVYX3BLNlRvZ3pFRVVQaC04NzZualNhYzM2Y3dUVVpiSXJxZWVSWXRtajlSS2tWRHFYZmdxamZRTW1TaEN10gFuQVVfeXFMT0N6V3dxY2VNemRmbmVIZ2RvQkZ3cVJaLTgtUXhHaU9KbG4zUzlEVlF6UktZWmFPUUV1NmZLZzFQelVMQkpBMW1qeGpvSjU1eFJtOFZ3MmtjQWlwZHozRmF4MkFEZnRFUy1HRXpHS3c?oc=5
2026-06-21T08:22:00+09:00,131290,티에스이,2026-06-16,"16일, 기관 코스닥에서 디앤디파마텍(+11.03%), 서진시스템(-4.99%) 등 순매수 - 네이트",neutral,0.974594,0.0,https://news.google.com/rss/articles/CBMiU0FVX3lxTFBqenUtTnJ2X1BXNDBZU0Rfb2tzcGxvSUx6ZDRHbjU3VXU1MUYyR2NCUzlscjVVUzlYVW9nakZxcXpFWjdGZVdVM0x3cVV1TTNpcXpB?oc=5
2026-06-21T08:22:00+09:00,462520,조선내화,2026-06-17,조선내화 투자분석 2026. 06. 17 - 주달,neutral,0.985411,0.0,https://news.google.com/rss/articles/CBMic0FVX3lxTE5oN1VTamtuUDdUY19jVkNwMU5lSS1jSnlXZkZmQmhWcGlmMzBwUmVmRjFPeVZDenBoNVQ2NERuZ0pQY1pwdUhrRnI1MGRFd3NJUmwyY2J5RDd6WEt4Qk85cThrTklGcHkxUUdpY0tEbGpDNEU?oc=5
2026-06-21T08:22:00+09:00,462520,조선내화,2026-06-20,CR홀딩스 투자분석 2026. 06. 20 - 주달,neutral,0.993022,0.0,https://news.google.com/rss/articles/CBMic0FVX3lxTE5SeDhsb0RpQkgtY1JRX0N1bWZ3d0tucDBwNks0ZXV4Z1pSMWhCWkczd29hU0t5TDAySXFUZ0tFOXZaN2ZyN3pfS1dvYXU4ZTZLSzluYXZ5dXdQQW9rTnQ1a0Z0bEg4QTJNbko3UEdpR0FoT28?oc=5
2026-06-21T08:22:00+09:00,162300,신스틸,2026-06-19,신스틸 투자분석 2026. 06. 19 - 주달,neutral,0.986386,0.0,https://news.google.com/rss/articles/CBMic0FVX3lxTE5KSzUzdDlLajVKdjFzSXpnVm1NaVNraXB4YzdKSDJiSU14bVZzcnVQQ1Raa2lxTkRkVnNZT1lpT2RaVHhKUHBVUHFmQjFXcjdIRW15aWlmUXd6aE5ZajdEOG9rbVMwdDlOY0FiTm02WHpOSGc?oc=5
2026-06-21T08:22:00+09:00,162300,신스틸,2026-06-17,"특징주, 신스틸-철강_중소형 테마 상승세에 13.98% ↑ - 매일경제 마켓",positive,0.993158,0.993158,https://news.google.com/rss/articles/CBMiUkFVX3lxTE10a1FPTlVBMnNEaHhSM0tpbkhYcWs2OV9KRHN0clVULUZpWDhuZ2xwdXJpM3NyNDV2MWJfaFRURUJJZ1dQU2J6M3BTek95cnVaUXc?oc=5
2026-06-21T08:22:00+09:00,162300,신스틸,2026-06-17,454조 투입되는 이란 재건 참여 기대감…철강주 동반 강세 - 머니투데이 - 머니투데이,positive,0.993307,0.993307,https://news.google.com/rss/articles/CBMiaEFVX3lxTE5UU0c0eGFtVDRCVC1acFA0dG9RZ3pzUUI0OUM0amRZc3RaS080b012ZndsT2VrTHhWclRack9jMzZmMGFXY0R0LXRqTm55SVRkdlMwcXkxNHIzUFVHb21RcUNaY2VVdTBw0gFuQVVfeXFMTmpxYld6Y0NYY2s4V0ROMGhaMGdIVWVNc1piOXZ5QWpKeWVtTEtJcDM2S08zMWhiVmlvTEdZN09xbUFWTGVCWFdrZ3J4ZnBCRTE5WFVaQm5kcmRjUkpwOVZkb1MwbUhEWkZXc3p4eHc?oc=5
2026-06-21T08:22:00+09:00,162300,신스틸,2026-06-17,"철강주, 이란 재건 수혜 기대에 강세…줄줄이 급등[특징주] - v.daum.net",positive,0.993505,0.993505,https://news.google.com/rss/articles/CBMiRkFVX3lxTFBJTFFkdUxDRElJMTlrYXd6Z0xCWWxFcmp2VVlHcnBqdHBfbWlOR24yaVltaWstYzhEMDRPLXctM2trMkV1U0E?oc=5
2026-06-21T08:22:00+09:00,162300,신스틸,2026-06-17,"지진 견디는 대구경 각관의 힘… 하이스틸 함안공장, 글로벌 공급기지로 '우뚝' - 핀포인트뉴스",positive,0.992718,0.992718,https://news.google.com/rss/articles/CBMic0FVX3lxTE9GWDdNSlBDRWY1VnFocEVjcDQweFJscUpkWmY4dkJqV2xNYllPUHhQQUJDOUNDWG0xR2RkUGl6NWtwRGlmT0NHN0h2Q2pnMXpPSm42SUc4MDVoQkQxYlVsRjJyOFJhVU5sVEV5Q0NxOGVpS0XSAXdBVV95cUxNMG5oZE0tLW1KaENYN0tIc3dDc3ZYbW5fNXpIblJRLXg1TjlZa2hzQXhtZjNmSWFoSXJzX0dTeFdFLWpHeGRfekg5b01yYTl6LXBlc1hqVXNnODl0Xy1vTG5BYzZ5LWJibVZyMzBUQXp0dkFDcXRGSQ?oc=5
2026-06-21T08:22:00+09:00,002380,KCC,2026-06-19,"[장중수급포착] KCC, 외국인 6일 연속 순매수행진... 주가 +1.69% - 뉴스핌",positive,0.993741,0.993741,https://news.google.com/rss/articles/CBMiXEFVX3lxTE5hUl96a0IzNnI4Z0hpN2lELTRnV0tnbFp0cURkQmFuMl9yNFhhclBtb0k1NExDOU1Pa19WaWJnT0JnVWR2Wm5nZDN5anRXMklzV3BwbmlLcE1ZeWoz?oc=5
2026-06-21T08:22:00+09:00,002380,KCC,2026-06-16,"[IB토마토]KCC, 삼성물산 지분 8조 딜레마…EB 유동화 카드 다시 뜬다 - 뉴스토마토",neutral,0.909935,0.0,https://news.google.com/rss/articles/CBMiYEFVX3lxTE9mTUVQYWphRkhCRFdwRGdtd01oWlU0YnFzejhDb2s0Szd2RHotOEgzVTB2dGdyZEdwSDVOcVlUTFl3Zy1aR3dYT3M3SnRDRGVET3llRFB5V2RIZDRpeGlHZg?oc=5
2026-06-21T08:22:00+09:00,002380,KCC,2026-06-16,KCC 투자분석 2026. 06. 16 - 주달,neutral,0.986301,0.0,https://news.google.com/rss/articles/CBMic0FVX3lxTE1CUndKOWFBQkFfWGpRNXEzWHl0aFlocG5WZzRYTEIyb0s1MXdSWHdDSVFpOW9GSnNPQzJ1cFBTTGk5Q0FpX1pCWmdyYmxFRGNTd3BPN2QzcDZXYWl5SFlyak9uWnBJb0pCZWR0NUZ3aUZXOGs?oc=5
2026-06-21T08:22:00+09:00,002380,KCC,2026-06-15,"화학주, 또 ‘종전 랠리’…이번엔 4월과 다를까 [이슈+] - 에너지경제신문",positive,0.964401,0.964401,https://news.google.com/rss/articles/CBMiW0FVX3lxTE1sdkdHcEJvaktYYXZJU3h0OFF0R0lHQXVaVERLOEhneFlSTjBfZGhCWVBJbjAwYTBMVXNnSk9XRk5zQ3hYUXN2cmpQdlJWazFYX1V3R1Z5ek1wMFU?oc=5
2026-06-21T08:22:00+09:00,091590,남화토건,2026-06-18,"남화토건, 사외이사 조영환 자진사임 - 디지털투데이",neutral,0.987441,0.0,https://news.google.com/rss/articles/CBMic0FVX3lxTE9uRFZ3TG45R0hTQWkwOTVwMmxCZFBzSFhwUm5hTTByYmJIcVFDM1Jka2ZvREx6cFAyN1RPWXdmdW1SazhWc01YSC1oRDlicGFMcWlqS216cW9CbWJEZmR0TUhNRFhWOC1NOVNGbjZsc1MydHM?oc=5
2026-06-21T08:22:00+09:00,091590,남화토건,2026-06-19,"""PF 리스크 없다""...남화토건, 독보적 대금 회수력으로 '저평가 탈출' 시동 - 핀포인트뉴스",positive,0.993098,0.993098,https://news.google.com/rss/articles/CBMic0FVX3lxTE0yNXhCTWVVNjRKQzhobzdnMHZ4LWd5aEExRXVqSXhHOFpIbWh1Z0trLTF3Zy1HRTZuclNyTk9ZZ2pkMkYtY1J5d3A0NU5pQXFyWjNJR0FsT2pjQUlWVFdJWFg4N2c2cldWTG1WMktyazd1bjA?oc=5
2026-06-21T08:22:00+09:00,091590,남화토건,2026-06-19,"[N2 증시 풍향계] SK하이닉스·삼성전자 나란히 최고가 경신…삼성전기·남화토건 신고가, 씨피시스템 上 - 뉴스투데이",positive,0.99281,0.99281,https://news.google.com/rss/articles/CBMiXkFVX3lxTFBVX1FRbGFYaEMyeUJId0s3UERpZl9sS1RHTGFrcUlOX1ZRQjFiNVZrT0hJZVVVUjZXTzMwVzF1Vnc5M1ZIY1lOc09LV3pPajZtYVBwQWNKYl9iTlhRaUE?oc=5
2026-06-21T08:22:00+09:00,091590,남화토건,2026-06-20,코스피 9000시대 기대감에 상한가 속출…남화토건·강동씨앤엘·우리로 등 강세 - CBC뉴스,positive,0.99294,0.99294,https://news.google.com/rss/articles/CBMiaEFVX3lxTE9xMEdmODVjLTd5STBWZzBGTS1kTkNhTWxvQ0xxeWI1SkZfcUk3MGdJMlltNXZDWnA5bzl1ejJkbFZ3SkJ2QlNIU0wyLVF2azhWeWlRVUJuRDBDT2ZIZ055SGt1bnlSRDQ1?oc=5
2026-06-21T08:22:00+09:00,091590,남화토건,2026-06-18,사상 첫 9천피 밟았는데… ‘특징주 기사’도 못 믿을 K-증시 [뉴스톡 웰스톡] - 뉴스웰,negative,0.989423,-0.989423,https://news.google.com/rss/articles/CBMibEFVX3lxTE5hSFpEQ3QyeV9tN040R29YVEhQbEtERVJ6U0F4dy1TdlRDNGNUMDJ4TDdHemdNWFpVSkFRb0ZpQXVEWXNLU1JST2JmaUlkUHNlR09IRk80OTF2QzROZ2hSazdlbjVpU25sbi1aVg?oc=5
2026-06-21T08:22:00+09:00,219130,타이거일렉,2026-06-18,"[장중수급포착] 타이거일렉, 외국인/기관 동시 순매수… 주가 +5.04% - 뉴스핌",positive,0.993636,0.993636,https://news.google.com/rss/articles/CBMiXEFVX3lxTE5ySHZCRWtKSkt3VHFLNWZwdW5tNU9DOENwWlFvZThzdFA0WUd1QXBHdGNqbFdoNVZxb01lbzZQOUJidlJmX2o1YkUxY25LeUZZZ3ZjNGRpMWsxU2VF?oc=5
2026-06-21T08:22:00+09:00,219130,타이거일렉,2026-06-19,타이거일렉 투자분석 2026. 06. 19 - 주달,neutral,0.991711,0.0,https://news.google.com/rss/articles/CBMic0FVX3lxTE54WW1JLXpsZ2NIM2tNR0piZEJuaXNhWmlJaThCRGxEdWw2QTFnRC14ODg2YmY1WXoyVEI4dDJwYnVMS1l1Wkd0V1pLcmNVOFRLVW5fSEI5SENTeVVfencxNW1WeE1KaXZaNExWSmc0c09aa28?oc=5
2026-06-21T08:22:00+09:00,219130,타이거일렉,2026-06-18,"""난공불락의 기술 장벽""… 제이아이테크, 대체 불가능한 프리커서 공급량 대폭 확대 - 핀포인트뉴스",positive,0.993414,0.993414,https://news.google.com/rss/articles/CBMic0FVX3lxTE1SVm1fMHZFOUhuWWhZd0ZPYmdFOFBuUlM0LU5zaUtYZWRiZkJRTVotN0Y2YW0yUmd1dGJhSWd3YWdocFk2RW5BZ2R4TWxMSTZ2LVRUbHVTZkt3b2Rkd3U4RzJlb3BPSC1IWm0wMDR6ZFczZEk?oc=5
2026-06-21T08:22:00+09:00,049430,코메론,2026-06-15,"코메론, NH투자증권과 100억원 규모 자기주식취득 신탁계약 체결 결정 - 디지털투데이",neutral,0.900275,0.0,https://news.google.com/rss/articles/CBMic0FVX3lxTE1EbWJINXEtajFTTnJ3NkpCcHE5ZlhsQ0pkSmhQQnlERTNqa2lqejVpRnhPTlRGamVWaUtCOXowb1c0aVBQaFpsZnNXZlhWUm5iQXprZllvb2Q0Xzh6WnFvTlQ3V0NpOEZXWDMzTHlXS09icEE?oc=5
2026-06-21T08:22:00+09:00,049430,코메론,2026-06-15,"[자사주 매입] 코메론, 100억원 자사주 취득 결정 - 데일리인베스트",positive,0.980459,0.980459,https://news.google.com/rss/articles/CBMia0FVX3lxTE9jTWFnOTJsc2p5ZmJTczBpNHBpZGpFRFJtWWxTUHk3UzJ2d1R5TzhJSjVraXJDYU5sb0ZoVnhqSndCc21QdHhiLWJqQnRWWFhpa2k0VW5Ud0Q5NGtsZ05abG5YUUtZaVVRZDI00gFvQVVfeXFMTlVJdHVjSzhzNE1qelQtUTV2M1M4VHlmMVB4cmQ2MElaMVV5T2l0dHFCWjJDMDE5QUlFLU9tZ2kwYlpSbHY0TE1iVmZ5eHpzekl0ZE4tNTR6aWQ5QjctMjZQLU5qV1RZd0JFVmlkb1Vn?oc=5
2026-06-21T08:22:00+09:00,049430,코메론,2026-06-15,"코메론, 주주제안 따라 100억 자사주 매입... 405억 약속 단계적 이행 시동 - 데이터투자",positive,0.716767,0.716767,https://news.google.com/rss/articles/CBMic0FVX3lxTE12MVVYVHVwUzVMdTFYNzAwcWJTRl8zWGE3bExOM2Z2LTFQTEFMT0lUb1NwMy1XUjUySDlJSWVKUkVfY3BkSmxZNEQtQUhFSjdfckdWeG5hMkFRdnAzWTVMRHdpRlFVUU9QSXpfM0h1bElDOGc?oc=5
2026-06-21T08:22:00+09:00,049430,코메론,2026-06-17,코메론 투자분석 2026. 06. 17 - 주달,neutral,0.992163,0.0,https://news.google.com/rss/articles/CBMic0FVX3lxTE43em5KVllSc1pXZ0NMd3ZLWTZDaDJSYnQ2TTZzbnlOSlN0V0d1NUQycmdXakctd3ZhUi04RU45eWRJMGJlVllWdEY4X2xUanhLSUhuZ3NEWGtjc3RwZ3lKdTJ5T2ZBbmVDaGg3UV9RMDR2NXc?oc=5
2026-06-21T08:22:00+09:00,336260,두산퓨얼셀,2026-06-18,"두산퓨얼셀 주가, 6월 18일 장중 65,100원 14.89% 하락 - 톱스타뉴스",negative,0.991119,-0.991119,https://news.google.com/rss/articles/CBMickFVX3lxTE5fS1pFTHk1Tnk4RGNJOXpVaWxpRlExQzZHSi1EaUxzY1R3OU94c0M0LXNiSnNKMC1oMFhSU0Z1d3ZBd0hBeGM5Q3lwRjUtQWRYU3JLTk1qNkNfemE0REM2YUVwZXVjNExDdDd4VVM4R0JUdw?oc=5
2026-06-21T08:22:00+09:00,336260,두산퓨얼셀,2026-06-14,두산퓨얼셀 투자분석 2026. 06. 14 - 주달,neutral,0.987692,0.0,https://news.google.com/rss/articles/CBMic0FVX3lxTE9waTJXaVZ6ajk0SW5wS04zS09CYXVoSXFkQ0ljclh4dnFuUWxpTjN0S1I4Mnk3dXVXTWR5R3l6SXg5cVQ0SGpGemdQVjZ4cW4zVy1FNlVhN25rWDRfMG9tdS1rZnJCUVpaeG04R2Fsbkg4TTQ?oc=5
2026-06-21T08:22:00+09:00,336260,두산퓨얼셀,2026-06-17,④ 나민식 두산퓨얼셀 오차율 137% - 빅터뉴스,neutral,0.993663,0.0,https://news.google.com/rss/articles/CBMiZ0FVX3lxTE4zTlVOeTB1bDFWSmpvV0ZBODl2MlF6ekIxdmt6dFhsMWUxNjI2czd6dkVMbjFSWlhiRVRkcmJ6T0xmSmU5VXZoVFN4VGJCdHFTYlZVdms2SzFaXzFPY0ZyUW9PampxeVU?oc=5
2026-06-21T08:22:00+09:00,336260,두산퓨얼셀,2026-06-19,두산퓨얼셀 주가 상승 중 - 아시아뉴스통신,positive,0.993243,0.993243,https://news.google.com/rss/articles/CBMidEFVX3lxTE9YeHhRYUJSbVg2bTlzX3gxZm9KMDdJRHZfaXF1bmRQUWp1aXVVTkIwME9OQkJRZXVqdFZVQ0FPTUpBT2FLa1hMb2lHQWgxQ0tQT1ZJR2V3WThrd3NFUXY5R0hUMThjSlBoYnUxYUNKQ1hIdmNa?oc=5
2026-06-21T08:22:00+09:00,336260,두산퓨얼셀,2026-06-17,두산퓨얼셀2우B 투자분석 2026. 06. 17 - 주달,neutral,0.971879,0.0,https://news.google.com/rss/articles/CBMic0FVX3lxTFBuM3dvSjVyQ2dRcFJMNUJrNm56aDJjdkFuVXlaTTYxX2k0NG9xUXlyQ0NLNzRBbEF6Zmh5VWFhRDZuLXlOalRtOWpDMTRBUGRZMGJUaTJpRU1nSVIzTXVXeDgyLWhobHJOV3cxYUExNVdIREk?oc=5
2026-06-21T08:22:00+09:00,104830,원익머트리얼즈,2026-06-17,"[장중수급포착] 원익머트리얼즈, 외국인/기관 동시 순매수… 주가 +3.85% - 뉴스핌",positive,0.993544,0.993544,https://news.google.com/rss/articles/CBMiXEFVX3lxTE5UbHRLNGlaSTNMWV9PZVlpcHNDLTd6cUdtWXpEQ01SZWhIVHNKNjgtVV9nSDVZdF9IbzN0Z2pYZjRRODBMYU13Z3NVdk41TVpFZTBPU2I3RTQzZWRS?oc=5
2026-06-21T08:22:00+09:00,104830,원익머트리얼즈,2026-06-17,원익머트리얼즈 투자분석 2026. 06. 17 - 주달,neutral,0.989633,0.0,https://news.google.com/rss/articles/CBMic0FVX3lxTE5CXzh0eGFTNU1KNVhxOUhGd2dGNHRPTGxMX3pXZkFUR3FjNjdVNUZKaGs1MkplOWxIb1h0bnZ0b1U1MFp3Zy1zanZVbWhpSGJDdlhWeFZrcGZZcWxaQmEzbnI5VDFyLVlBcmloS19Jc1g2OUE?oc=5
2026-06-21T08:22:00+09:00,104830,원익머트리얼즈,2026-06-18,"글로벌 디스플레이 셧다운 막을 보루…한울반도체, 미세 공정 기술력 입증 - 핀포인트뉴스",positive,0.923588,0.923588,https://news.google.com/rss/articles/CBMid0FVX3lxTE5JTU9KZlU5UXJuZlE1Zm8tUHktbnRKN3dkVlBsVmd1VW01VURES1ZIY3JIQk5JSWc2Q0xEMlBCZXFrcldsQkphSENMVnZQbWtBMVJaeWVqd0NpNUF0RmRhclN6Z1hZTEt1eTBrSU9xNnNRcmpPUnNV0gF3QVVfeXFMTklNT0pmVTlRcm5mUTVmby1QeS1udEo3d2RWUGxWZ3VVbTVVRERLVkhjckhCTklJZzZDTEQyUEJlcWtyV2xCSmFIQ0xWdlBta0ExUlp5ZWp3Q2k1QXRGZGFyU3pnWFlMS3V5MGtJT3E2c1Fyak9Sc1U?oc=5
2026-06-21T08:22:00+09:00,104830,원익머트리얼즈,2026-06-18,"""난공불락의 기술 장벽""… 제이아이테크, 대체 불가능한 프리커서 공급량 대폭 확대 - 핀포인트뉴스",positive,0.993414,0.993414,https://news.google.com/rss/articles/CBMic0FVX3lxTE1SVm1fMHZFOUhuWWhZd0ZPYmdFOFBuUlM0LU5zaUtYZWRiZkJRTVotN0Y2YW0yUmd1dGJhSWd3YWdocFk2RW5BZ2R4TWxMSTZ2LVRUbHVTZkt3b2Rkd3U4RzJlb3BPSC1IWm0wMDR6ZFczZEk?oc=5
2026-06-21T08:22:00+09:00,104830,원익머트리얼즈,2026-06-19,"나노캠텍, 고부가가치 전도성 소재로 IT·반도체 공급망 핵심 부상 - 핀포인트뉴스",positive,0.984248,0.984248,https://news.google.com/rss/articles/CBMid0FVX3lxTE9nQkhRR1l3eXRFQ24tRUdreXRkNnFFbjgxVjJsVHZZYkZ6dUdYaUhxeEpwMzFZR2tJUXhPX1pJLXZIUTl3MVBVdjFTU2ZpMlp4T1ZodWVjdFNTelBjcVRjWkIxckM1MmxmUVY3ZlBSbk1sc0FpZjdF0gF3QVVfeXFMT2dCSFFHWXd5dEVDbi1FR2t5dGQ2cUVuODFWMmxUdlliRnp1R1hpSHF4SnAzMVlHa0lReE9fWkktdkhROXcxUFV2MVNTZmkyWnhPVmh1ZWN0U1N6UGNxVGNaQjFyQzUybGZRVjdmUFJuTWxzQWlmN0U?oc=5
2026-06-21T08:22:00+09:00,002460,HS화성,2026-06-15,"HS화성, 투자주의종목 지정→단기급등 변동성 경계 - 톱스타뉴스",negative,0.989133,-0.989133,https://news.google.com/rss/articles/CBMickFVX3lxTE5EYkFDeEJYRlNfTVc2ZE1Bb3NUUWdfYVRZdDgtWGE3RGhZLXdMaWI5Q08yQ0NuZVFMYS1WSkdNWjFRa0YzX1hNUzRnUjEwanM3bGdUcWZocUd3T1FDOFVBTXh4dEtvaWQzUHExRURmSkF0dw?oc=5
2026-06-21T08:22:00+09:00,002460,HS화성,2026-06-17,HS화성 투자분석 2026. 06. 17 - 주달,neutral,0.98734,0.0,https://news.google.com/rss/articles/CBMic0FVX3lxTE5kdjJJVGIwZFFTWGdFaTBxTUYxd0gweXJFaklhMFFBeDRSemU4V2pGMjNCa0VweENtR19wQ2cyRDhrRDJ3X2pFd05qY1RpYzZhUkR4UzFRd2pZOEs3MzNBQ19QbnRtaXpjcW53NDRpT0NOMEU?oc=5
2026-06-21T08:22:00+09:00,002460,HS화성,2026-06-14,"거래소, 아스플로·피에스케이홀딩스 투자경고종목 지정 - 포인트데일리",negative,0.99149,-0.99149,https://news.google.com/rss/articles/CBMicEFVX3lxTE40R19kd2Q2QTJlSURpUkFuZ1plSl9DMUxzcTViZ2hhRFEwWUR4Z3ROSDZBcUV1elpIYWNjWnE3QjJWU2NwcEZtMlpTZy02MWMwSEVlRmNQa0VDSFdCYVk3ZllaNlhTX1lzMG5YVm10V2PSAXRBVV95cUxNX093TkVkOTRHdExZd0tHX3hRRHJ5YU84UnBvdFIxWVB3TlVHa1V5M0JVeEphSVIzeHp6dlM2ZHRyUTF4S3lFcVJ3YTNIRlAyOWxwTEZvQmhGek1zblJJNWpUSVJ4TC1ZdEtSU3JyQ0Vmd1BYWQ?oc=5
2026-06-21T08:22:00+09:00,002460,HS화성,2026-06-17,일성건설 주가 파죽지세… 건설주 혼조세 속 투자 기회는 어디? - 핀포인트뉴스,positive,0.874109,0.874109,https://news.google.com/rss/articles/CBMic0FVX3lxTE9rSDUwdC0wN1N5ZXRWei1NdnVfZE1CUmdsVkFvand0TjNfeTJJb2VGRW1URUlmX2xkbE5UT21hMTY5ZDY3NGVRUUpERmRSQWtNTUdIanU4UjVVaGd0Vk9aQUhwejJJTzNiaFhDVk9KZkVwVlnSAXdBVV95cUxQWk1oRmJlY3dhQ1Z6Y0l4X2ctakFVV1BxN2ZwR1JWQXE0bWQtd3cyWHNfUENmNnp3dGRUcVlwcUNiMU1vU0RPNGxQMkl2SnhGaDVXQjh0elI3Wnc5dEVMODVmcThNRU5MYWJNUV9iWHV4NnNtN0d1dw?oc=5
2026-06-21T08:22:00+09:00,002460,HS화성,2026-06-19,"""PF 리스크 없다""...남화토건, 독보적 대금 회수력으로 '저평가 탈출' 시동 | - 핀포인트뉴스",positive,0.993125,0.993125,https://news.google.com/rss/articles/CBMid0FVX3lxTFBiclNTcVh5MWgxdWwxOFZtcTItXzc3cEI4Q3M0QjNQWDkwNWRDTHdJeVdJZkZPUTlYTE1PdkM2VGRQYnBiM19HaVJPaWFnVDZIWmg1SU5CbU1LWFNWNUdrLXcwaTBVQ2tfMUtfNEw1Qkk0RkRiVWJB?oc=5
2026-06-21T08:22:00+09:00,189330,씨이랩,2026-06-19,씨이랩 투자분석 2026. 06. 19 - 주달,neutral,0.992278,0.0,https://news.google.com/rss/articles/CBMic0FVX3lxTE8xb0FzbWd1MERxZmJZZjhLem9FQXNjRmNCNGV3d2xmckdKbm1wa3hsaVlhZmZMZXduUHRnbGRjeEFrQ3RkcG1xb2c5YWNJYzBSZmcteG5OMVQ3WVJWZklBQVQ4M3p3SFFnLU90UGdIRjhqRmM?oc=5
2026-06-21T08:22:00+09:00,189330,씨이랩,2026-06-14,"씨이랩, 위시켓과 '기업별 맞춤 AI 전환' 업무협약 체결 - v.daum.net",positive,0.649721,0.649721,https://news.google.com/rss/articles/CBMiT0FVX3lxTE1ORVRKVXg5dnR2RHVyWGxGWmQwei01aE8yRHp2Mm9Id2JTdkc1Z3M0Nkw0dHl4V1l1OGR1Y25zU3dWcHNtcTdVajVsdlZfRTA?oc=5
2026-06-21T08:22:00+09:00,189330,씨이랩,2026-06-14,"위시켓-씨이랩, 제조업 AX 솔루션 구축 MOU 체결 - 서울경제TV",positive,0.987551,0.987551,https://news.google.com/rss/articles/CBMia0FVX3lxTFBDZHB4eFJubXIzVWhHQ3ZwSmRyVW9teDZjSmFCaU9JaTExV0pjaFp2ZU9NODBpeGVqMmx3WHp5a2FYQzhpYl9DMGN6ZHh6YUhwR0FPX3pydHRpd08wTDQ1aGczeUdXcE1VNXZB?oc=5
2026-06-21T08:22:00+09:00,189330,씨이랩,2026-06-15,"씨이랩·위시켓, 기업 맞춤형 AI 전환 협력…제조·건설·물류 공략 - 이데일리",neutral,0.738774,0.0,https://news.google.com/rss/articles/CBMia0FVX3lxTFAwNFJmdXdINmIxSXZmQnQwUTVYZ2NsclczRTVDbEFCNDRCMjRhNnlJRVpTVDI0Vm54Nk9QTVBlSUU2dFBYbTFmdjBPUkQ2enI2UFY2SkJ3NzNwajZpaGlDRHlnU3BKREgwdHNB?oc=5
2026-06-21T08:22:00+09:00,267260,HD현대일렉트릭,2026-06-19,"[장중수급포착] HD현대일렉트릭, 외국인/기관 동시 순매수… 주가 +3.86% - 뉴스핌",positive,0.993254,0.993254,https://news.google.com/rss/articles/CBMiXEFVX3lxTE0tZ0xvR0E0OXhub1hqNnBpdUJMd2VaWlpuQ2dhanJESEl5ZGpPVU4yeVNJOTZ1RjhMcGN0UmZ5YjZveDd1eFl5U21Tazh0TDlLQkVKUnlPbUhuN2hJ?oc=5
2026-06-21T08:22:00+09:00,267260,HD현대일렉트릭,2026-06-14,[주간 분석] ① 코스피 20대 기업...HD현대일렉트릭 18% 급등 - 데일리비즈온,positive,0.988402,0.988402,https://news.google.com/rss/articles/CBMibEFVX3lxTE5ncmphVnRDOWZlNFA4YjlxME0xSm91LVZyazhLNHoycEJmU3ZxejBoYzgyNlRxb2tzclFkeU9IdUhhZGNfWlRlVmNQRWgtZGJfNGExamN4U1EwVHRBNDBoMTRQYWk0aHpmekRTTA?oc=5
2026-06-21T08:22:00+09:00,267260,HD현대일렉트릭,2026-06-15,"'전력기기株' 30% 하락 후 반등 시도…""수주는 쉬지 않았다"" 실적 장세 기대 - v.daum.net",positive,0.987775,0.987775,https://news.google.com/rss/articles/CBMiRkFVX3lxTE1XOHRyMXhETUowWnNkNDZpNm9ldk1RSXdoTUZxOWxXenNPaXRTVjMtS2J4bkNMQTF4SzRHMWhIYTU2WFQ2SEE?oc=5
2026-06-21T08:22:00+09:00,267260,HD현대일렉트릭,2026-06-15,"전력기기 관련주 최근 급반등, 피크아웃 우려 씻어내나 - 2news.co.kr",positive,0.9883,0.9883,https://news.google.com/rss/articles/CBMiaEFVX3lxTE80YVFtSzVFSFozenRkTjRYQk4xR3pNNG9uUlJGSFB2MHJKNFNSSVN0UlJsdk1XZDJVMG9qaXpPUF92dTE1R3JydWUtZzhJaFFKTXI1N3lTa2IyWEV6Ym5KSHBHSFJWVWVO?oc=5
2026-06-21T08:22:00+09:00,267260,HD현대일렉트릭,2026-06-19,"[특징주] LS일렉, 어닝 시즌 앞두고 7% 상승(종합) - 연합뉴스",positive,0.993721,0.993721,https://news.google.com/rss/articles/CBMiW0FVX3lxTE1senZMUHgwaEJyM1FPeTRhT2FmM2JXVkNIOTJzbzFsVmpFSEhpOXJaMXZuSUVPWm96NU12aDlibmpjQTM5UVZMWFVGS20wXzNld0xuR0ZtcjZGaHfSAWBBVV95cUxQUTYxWUtieEN5QXY2Y2pVemtrOThZNy04WkQ0cl9zRFBsQVNDYWUxUXpRX3p5X0VnaDRNYXJoS2VLeU9WbEpMUnpwSnpFVVVaT0RUOElXRHdHbjF4YTYtMjk?oc=5
2026-06-21T08:22:00+09:00,005940,NH투자증권,2026-06-18,"NH투자, '퇴직연금 ELS' 5종 모집…""원금99% 부분지급형 첫 도입"" - 연합뉴스",neutral,0.97373,0.0,https://news.google.com/rss/articles/CBMiW0FVX3lxTE9KR1BmcVRVNUhzWG5KNWxjdkg3U0xDVHZzcFVqMWJ3aktFWEFwXzZCaVNMZHlDbEEwSXpucHl1SUtLblp0Ym81b3Jndk1OVDhtX1diOFFUMGZMWlHSAWBBVV95cUxPUkU2OFhBbkdnREpKSGZ6bkdIcEI4eFl1Z0p3QWlpcHRkOFJ6c054VUhtb2JtSTVLMVhyRGYtR2dGcXBiUkNRbWhZaVFOcGJZLWtpeXZhYTAzSF9VLTBWQWs?oc=5
2026-06-21T08:22:00+09:00,005940,NH투자증권,2026-06-15,"삼성생명 '삼성전자 주가 상승, 양날의 검' 증권사 발표에 강세…4.8% - 매일경제 마켓",positive,0.988723,0.988723,https://news.google.com/rss/articles/CBMiUkFVX3lxTE1YdWx2MFBFcW9pOGxKTWtJWk1vVHZ0X0lMcEM3cnR2SEtDV2VsMlM3V3d2YTQ3cUMwcWUzWnE2RVk3Qy15LXR3QW1RVkMwcGR0ZlE?oc=5
2026-06-21T08:22:00+09:00,005940,NH투자증권,2026-06-18,"NH투자증권, 퇴직연금 ELS에 ‘원금 99% 부분지급형’ 첫 도입 - 농민신문",neutral,0.95727,0.0,https://news.google.com/rss/articles/CBMiWkFVX3lxTE9FQ0xwNHRnenFaeTA2SmVDTTIxQTRKRF9YS1pWTW92NmRxNWNlYTZzbGNiSDVrMHh6VGZjQy1XaGVzSlh6QW9sVlFBRU9MVllFSmtaXzVHLTNDQQ?oc=5
2026-06-21T08:22:00+09:00,005940,NH투자증권,2026-06-14,"NH證 “삼성생명, 삼성전자 주가 연동 구조 당분간 고착화…목표가 45만원” - 조선비즈 - Chosunbiz",positive,0.986684,0.986684,https://news.google.com/rss/articles/CBMiiAFBVV95cUxPMUZRaTNPU2Y1NjVLd2ZIT3ZwLVBReTRZUWwxV09qbnlXLUl6S2tRSmhpTVJTS2JsbG9MdmlydG5QdkYzSFpkSmtNSmpSbzdGRFVBbEsyZE14d00xem9xbkpySWNXcU1KVF9vLTVZQnZONnBnV1JHS2NwVDRWWXFSU05LVFhqNVpj0gGcAUFVX3lxTE9kWVBJTHJyaDh5MkIyMU9rTUNCSWdCcTQtS1JCejNJaHF2UkYydHlHV0xXVW9iMHBEZUVacXNrTkxNNlQ3dUd3bkZiUXZWc3ZSbG5BS0VWZUZNN0ZMSjcwWUJfSGU1X2dzd1c1QkVtNDFtS3hFekZtRnhtYm1IWHk2b3hWZHA3VU1JQThIbjA0b09YbmgtT3RBeVZvTQ?oc=5
2026-06-21T08:22:00+09:00,005940,NH투자증권,2026-06-15,"NH證 ""삼성생명, 삼성전자 주가와 당분간 연동…목표가 7.7%↑"" - v.daum.net",positive,0.992961,0.992961,https://news.google.com/rss/articles/CBMiT0FVX3lxTE1FRUgtZC0yZU0xTFlucnlaNHJ6MmJ6VHY2eU9yRFZsczNVbXpWbldaVUJLVU9MSS1Oa01WYkV3UGJObVVCdFhqckFDLWw4WW8?oc=5
2026-06-21T08:22:00+09:00,270870,뉴트리,2026-06-16,"""종전에도 안 빠지네?""…비료주 3인방 선방의 비밀 - 한국경제",positive,0.971103,0.971103,https://news.google.com/rss/articles/CBMiWkFVX3lxTFBhNzEwekY0Ujg4a2QtYkxaeEc0d1NURkZHNkVITDZhTXItSUV2WHVEa3BJTm9TelgwYng1aFA5ZnoxVHFmWFJpWTluakFTMGpYRWsyejFIc21qQdIBVEFVX3lxTE5ER3g3NmZLSnlsaFpRMlIyRFRoSXd4dTlwSkppTm93S1dfa2VNY0FLZktRUGxLc05keGtTamVlYkF1Tmg3empZMlpGWngtMmJManVLYg?oc=5
2026-06-21T08:22:00+09:00,270870,뉴트리,2026-06-17,[유럽 특징주] GLP-1 열풍에 단백질 보충제 수요 급증…글랜비아 주가 급등 - 뉴스핌,positive,0.993272,0.993272,https://news.google.com/rss/articles/CBMiXEFVX3lxTE55TnlYZ0N4X2V0UHpRR3p5SFhXQ1dGYWsyaUxRMFJDREU0TnJCbmoxbDRPRk9rRDhGY25nSFZSNU10ZHZqdUZYY1EyZjU2b2Q4ZGpuRi1OemNibnBx?oc=5
2026-06-21T08:22:00+09:00,270870,뉴트리,2026-06-14,덱스콤(DXCM)의 G7 CONNECT 임상 시험 결과가 투자 전망을 어떻게 바꿨는가 - simplywall.st,positive,0.986181,0.986181,https://news.google.com/rss/articles/CBMijwFBVV95cUxNNHRZNzhnV3hfR0NYWHdzdmYwU3RVdWZkUGQtVWIzVElGcFU5c2xYUmd3MDYzUUpxeUhSY1lxTkJ4SFVoV2ltVHNMWWh5QjNDUi1MZDFNVkIwYTFuV1hBR1NfQ2txRzhURlNlZ1JjMWtiNC1lWlAwM3ExQTUxcWR6eVRJMUl5R01iX0E0UWVsZ9IBlAFBVV95cUxPZWkwSV8xM19vQURwZjFGY0ZPcmxlX25tMG53V3F5QWVRWVZpdl8xeDBCSF94aTRSX3FweEEyTldXX1pyQ3FCRjFYbEpYQ0Rkdzh2cjJybmNPejFsYXgyZGg4amU1UkJNVGZ6SmZISTVMZmtabkVyNW52MGVnNkxuVHBaTmh5dXVpbVdkMm1EQkFHMHF1?oc=5
2026-06-21T08:22:00+09:00,001570,금양,2026-06-19,상장폐지 기로에…마지막 반전 노리는 금양의 앞날 - 일요신문,negative,0.923259,-0.923259,https://news.google.com/rss/articles/CBMiZkFVX3lxTE9aYUtYMU16YzBGTGJUbmhjTC1oVml1Y3BNYm1ZYVpxUzlLaXVWX05taUFvQ0F1MTJteTRHdU5KZ3ZPdE9WTGJjcHZyd3Fid2l3ZC12cGMyWVpXQTJ1SnVlajZmYWR5QQ?oc=5
2026-06-21T08:22:00+09:00,001570,금양,2026-06-14,금양그린파워 투자분석 2026. 06. 14 - 주달,neutral,0.983682,0.0,https://news.google.com/rss/articles/CBMic0FVX3lxTE1PWHZnMHR4SUgzbmVSUmg2QVNFbWVldVpHWHZuWFNsUnBsUjJYbXVQajBEQnhpVF9SSnkzY3ZNdGdvSVVfRWg0RnIybk1GYzJpeDNoeHdGbmJwd1dvWFp3cWFDV1NoVVEyWTM3cTNvaUo5bEU?oc=5
2026-06-21T08:22:00+09:00,001570,금양,2026-06-15,EPL 고화질 중계 의 최고 선택: 2026년 톱 10 비교 분석 - 스텝 바이 스텝 가이드 - kmrk.ru,neutral,0.99132,0.0,https://news.google.com/rss/articles/CBMiX0FVX3lxTE8wcld4ckpCS0tuek1nYlVxbGdkSHJpNy1BMFdZRkRrRkNueTB6Vm5nWWQyaTJqeXBtbHplN1pPQTFnd1N6RWhyUEhVUjBPNWUyY2VPN0tkdm1zbnRSVjZB?oc=5
2026-06-21T08:22:00+09:00,001570,금양,2026-06-19,금양에 전 재산 털렸다.. 3시간 쪽잠 자며 버티던 투자자 근황 - MSN,negative,0.991369,-0.991369,https://news.google.com/rss/articles/CBMi_wJBVV95cUxNbVFzSHJpNktoeTZCZEF2c3JLTzZ0WXJVMmZUUGxZOXdmN2Q5UFZMVmowOHJNQzVzeVJkM2MxVXQ5eFlzU2hmRXBZZ2JOc0tQUVQ2OVpjQ1Y0dEZXRmhHVVhQVGZvcHZscF9HYVlLSmtXOG1yclk1NXduVVpvMjJmS2NuY29mMmN0bjBNUVl2aHRWNWNXRXQtSi05S3RiNWI3Tzlob3U1T1lzandSQUNQY3k3MWxrcWdMcEJJTFFNSDJ1YTFLSkhmNGx0T3l3cWl5MkQ1U09iRWtueHc1ZXVPelFHSm83S29ucEpvdGY4cGlnWEhtYVRPclg0cVprYlZ2Q2N6RXdJM3Y0cjExaGEwdVNkZ091ZUZBRk92MFUzdEE4Y1BmdjdwejdXUFQ5ZG84ZFI0ZjRTUEc4Y2hoMF9mTk1SZ3gteWxLMXF1dzVzZDJkenpsenVKVGJ1MHZxRzJ4QWZnV0t3MkVkeFNFQnBJY3NMTy1fd1ZmTHBfUDhVYw?oc=5
2026-06-21T08:22:00+09:00,005110,한창,2026-06-16,"이상무 대표이사, 한창제지 주식 9153주 보유 - 디지털투데이",neutral,0.994728,0.0,https://news.google.com/rss/articles/CBMic0FVX3lxTFA4bWdoS1JWWmZzZ0hKcG10QTdXckdpUzZEV2N4bW54dVI0NUxaaXhCblRRN09XaFAzbXFRMkhtYjFZdVJnZ3BEbVFWa2lSaG9lT3d2T2ZYaTR6b2I1bHNxMDBHOVZNOWpfSTY5QjBBc2FCUlk?oc=5
2026-06-21T08:22:00+09:00,005110,한창,2026-06-17,한창산업 투자분석 2026. 06. 17 - 주달,neutral,0.991478,0.0,https://news.google.com/rss/articles/CBMic0FVX3lxTE10RlNLMDRQbE1zdEN5TzA4MExPLVNjQVEybDRfX2U0R2tDZGJWWGxzYUhPT1hDTWFJLThwRXNBXzBjbk9rRVY3UjJfdnZOZlpiYTNDWXFmSVhmNDlGeXBqQkdYdXBubXMyNVQ4NlJ1WElxRUU?oc=5
2026-06-21T08:22:00+09:00,005110,한창,2026-06-17,"[증권 뉴스브리핑] 금융위, 한창·더테크놀로지 과징금 부과/작년 기관전용 사모펀드 투자 12% 늘어/권대영 ""저PBR 기업 리스트 10월 선정해 발표"" 등 - 아시아타임즈",neutral,0.565578,0.0,https://news.google.com/rss/articles/CBMiXkFVX3lxTE1TUDU0RlhnNm1hRkNZc1FJQ19wY3RGZ2xsekN0TVFDSElESC1QV2IzbE9ZOVVQdHNJRVVOSXp0NXR3WkhHVTNNUHFpLTJZSHczS2RFVVdiNlJNTkp1a2c?oc=5
2026-06-21T08:22:00+09:00,005110,한창,2026-06-19,최고의 주식 최적의 타이밍(윌리엄 오닐) - 브런치,neutral,0.965773,0.0,https://news.google.com/rss/articles/CBMiREFVX3lxTE9DWDR6SFRWbW5Mc2QtUzZvOGlsUE5ucXE1Y21sZjlLQ2poOTlGdkw0dFNSSi1WNGw5YmNKNFppNm5HeUFT?oc=5
2026-06-21T08:22:00+09:00,005110,한창,2026-06-17,7월부터 ‘동전주’ 퇴출 압박…제지·건자재株 액면병합 행렬 [중기+] - 헤럴드경제,negative,0.684625,-0.684625,https://news.google.com/rss/articles/CBMiVkFVX3lxTE11c0pOMlRzVWh0WHRQcExuUWRIaUYtTVc0WkMzNVVyTkttS0RldjdmNVpEUXFfWUJqbnl0VHAzenB6aW5kYktBUDBMYmE3TzBmU1JtUGdR?oc=5
2026-06-21T08:22:00+09:00,008600,윌비스,2026-06-15,1000원만 넘기면 끝?…상폐 강화 앞두고 코스피·코스닥 284곳 ‘위험권’ - 녹색경제신문,negative,0.98856,-0.98856,https://news.google.com/rss/articles/CBMiaEFVX3lxTE50c3JfV3BYR0JJLVgyQTYwQlNSeFZ1MzhiVmgzREVHWEJlYkhxTXRuVmNzd1ZMd3cwODZiQlB5X29KT2Q0b3FMWmswRjY5ZlBDR1BiY1NIb01INGhNM3dJaDI1Yy1wNk9F?oc=5
2026-06-21T08:22:00+09:00,009440,KC그린홀딩스,2026-06-15,1000원만 넘기면 끝?…상폐 강화 앞두고 코스피·코스닥 284곳 ‘위험권’ - 녹색경제신문,negative,0.98856,-0.98856,https://news.google.com/rss/articles/CBMiaEFVX3lxTE50c3JfV3BYR0JJLVgyQTYwQlNSeFZ1MzhiVmgzREVHWEJlYkhxTXRuVmNzd1ZMd3cwODZiQlB5X29KT2Q0b3FMWmswRjY5ZlBDR1BiY1NIb01INGhNM3dJaDI1Yy1wNk9F?oc=5
2026-06-21T08:22:00+09:00,009440,KC그린홀딩스,2026-06-17,"[속보] KC그린홀딩스 자회사 케이씨글라스, 회생계획안 관계인집회서 가결 - CBC뉴스",neutral,0.712251,0.0,https://news.google.com/rss/articles/CBMiaEFVX3lxTE93R0lNOVBmY054S19DMU5Id2lGVzd5Y1VpcVRYc1UwX2dCci0zUlAwMGNZdVZ5RnZHUHgyTTZVZ3N5aW1EU3dYd3FTOFF1V013X1pJT3BXdGpIa0pBM2ViQ2VScXFTZV9i?oc=5
2026-06-21T08:22:00+09:00,066410,버킷스튜디오,2026-06-15,[오늘의 증시일정] 한화솔루션·일동제약·버킷스튜디오 등 - 이투데이,neutral,0.994374,0.0,https://news.google.com/rss/articles/CBMiVEFVX3lxTFBXbmZ1Vzk1N0pWdl9Qb1VENlNpbzBzdHU0NjFsMWRiUkRGY0VkRzlSWTFiRDNhbktESDN0YkQzTkF5NEtHa2J1OVJwMVhEaHpLQ2dxSQ?oc=5
2026-06-21T08:22:00+09:00,066410,버킷스튜디오,2026-06-19,엑시온그룹 등 '시총미달' 위기 주식 속출...'상폐위기' 회사도 - 금융소비자뉴스,negative,0.992159,-0.992159,https://news.google.com/rss/articles/CBMiakFVX3lxTE1DZzZBZFB6R0hNSEdOMDd4dndoM1FSblpScGdBckNBVW9mVVpITkxXVTNfeHVuTVhULWFSdlJMWU5yUXd3ZHZuZ2E0NVQzMTk0RUh0V2dJVnp0b2ZlS2wtWU9ubGxOT1d4T0E?oc=5
2026-06-21T08:22:00+09:00,066410,버킷스튜디오,2026-06-15,[오늘의 증시일정] 한화솔루션·일동제약·버킷스튜디오 등 - 네이트,neutral,0.994703,0.0,https://news.google.com/rss/articles/CBMiYEFVX3lxTE5EbHFWREwzV1poLVpKVzZPLVNHVlBwb0pvY0RfS1Y5a0pUYnMyRW4wOHNIWHpkSDBJN3Y0dFdpOFN0MHFnMGpLa0EzVHNiSUhfaXFXMTgtbm1uN3lpdW1CRQ?oc=5
2026-06-21T08:22:00+09:00,106520,노블엠앤비,2026-06-18,"노블엠앤비, 상장폐지 정리매매 개시로 주권매매거래정지 해제 - 디지털투데이",positive,0.988114,0.988114,https://news.google.com/rss/articles/CBMic0FVX3lxTFB6SmRya0h1TjdiSEtVUVJmWGlUeGtJUWtBZWRHZFNXdlBzX29BVkh1UFBRWG10TDRvdDdCcHowMDdjeWNGajJ4ZWUtUW1ZVmZILTlZS1dUcVNBejRISlhCRXUwcmxZdzBaTndtUUtJbTJqb1U?oc=5
2026-06-21T08:22:00+09:00,106520,노블엠앤비,2026-06-18,노블엠앤비 7월 1일 상장폐지 확정…22일부터 7거래일간 정리매매 진행 - 데이터투자,negative,0.944095,-0.944095,https://news.google.com/rss/articles/CBMickFVX3lxTE93MVk1S2t5M2R6b1FvUzlRc3BfLUlsNTJ4akt1ak92OUpBYmlmRWFLYmFoa29jUkxFbUpGNkpyNGVyaFVQR09rZE1NX0hpOGVDaGxCdU92OHlWNVc4ZG13aHVPSFVxek1ULWJQc0VCMWVxZw?oc=5
2026-06-21T08:22:00+09:00,106520,노블엠앤비,2026-06-19,엑시온그룹 등 '시총미달' 위기 주식 속출...'상폐위기' 회사도 - 금융소비자뉴스,negative,0.992159,-0.992159,https://news.google.com/rss/articles/CBMiakFVX3lxTE1DZzZBZFB6R0hNSEdOMDd4dndoM1FSblpScGdBckNBVW9mVVpITkxXVTNfeHVuTVhULWFSdlJMWU5yUXd3ZHZuZ2E0NVQzMTk0RUh0V2dJVnp0b2ZlS2wtWU9ubGxOT1d4T0E?oc=5
2026-06-21T08:22:00+09:00,106520,노블엠앤비,2026-06-15,"인탑스, 주주환원 강화 위해 130억 자사주 매입... ""주가 안정 도모"" - 데이터투자",positive,0.980595,0.980595,https://news.google.com/rss/articles/CBMifkFVX3lxTE9ZSU5xeUtGRG1oY1U3cHo5MnN3Vl82Mi0yc2swREpoaDFhcThVak9GUFVfSTkyZlZwcnRQZUZ3MXRyakpHNDFDOFJWSWF2NlBwb2xORlhoMlgzLVpaX1ppUWlDODV5aERxWXZEbzBzYjRnWi1PclU3OUx6ZGlIUQ?oc=5
2026-06-21T08:22:00+09:00,106520,노블엠앤비,2026-06-18,"와이제이링크, 주가 안정 위해 20억 원 규모 자사주 매입 결정 - 데이터투자",positive,0.954852,0.954852,https://news.google.com/rss/articles/CBMic0FVX3lxTE9Od1diYlFjUjJoUE1obmRWYzlPYkQ4WjZhQzRULVFEaGtFQ2ZhVVNyY2NOcU5faHBQbjE4VUpudXNBQzlMQXhqYkoyQ1I5ZEVkazRRZjFlTnV2NXN2eDhXTC1vQlJITEk0akEzeVcyaWxrRk0?oc=5
2026-06-21T08:22:00+09:00,121800,비덴트,2026-06-17,"비덴트, 상폐 결정에 이의신청…'강종현 고리 끊기' 재시동 - v.daum.net",neutral,0.584368,0.0,https://news.google.com/rss/articles/CBMiRkFVX3lxTE13X05GSGRRUVc3YTdhLW1NVjZhNUduY3NDLUhiQVRsamR1WXFxaG9jMUU3SE1XSWdGSW5HU2VoU1paTnJkbHc?oc=5
2026-06-21T08:22:00+09:00,121800,비덴트,2026-06-16,"비덴트, 상폐 결정에 이의신청…'강종현 고리 끊기' 재시동 - MTN 머니투데이방송",neutral,0.569876,0.0,https://news.google.com/rss/articles/CBMiZEFVX3lxTFB6a01mb2U5cXpjVUkycW5pR3FzSXpFb1pJdGxTUW5ULTQ4U213MFNOM2lRVmM2aG80cmFiV3h2THBnNjRMb05PRjV1YjhRemNRNUFFWUJFYjl2S3lXM1duSTMzYno?oc=5
2026-06-21T08:22:00+09:00,241820,피씨엘,2026-06-16,제약·바이오 동전주 턱걸이 탈출했지만…시총 문턱 남았다 - 비즈워치,negative,0.853542,-0.853542,https://news.google.com/rss/articles/CBMib0FVX3lxTFBoUFBQSG4wSjNoZV82ZnViYlEtTDl4bTI1QnJTOU9zT25NQUlLb1lCTlFPXzFibWUtSXk1UmRxejJ2dnM1LWFtalFfUHBKZUZGZmdqNFhOXzl0WWRMYnROOURNWUFsbVNhaGtxUExSZw?oc=5
2026-06-21T08:22:00+09:00,393970,대진첨단소재,2026-06-16,"비츠로시스, 이학영 각자대표 선임…경영 효율성 제고 - 디지털투데이",neutral,0.539291,0.0,https://news.google.com/rss/articles/CBMic0FVX3lxTE43aS1DTnN5LVZrakxJSk1PbU9sTmt2Vnloa3hBLTdFZHdodXZBaXk0RHctX2VPRDdfSDJrcWZYYi1uVUtpb3hSS1JBYUJjYkNWbklCT3AtLUJQYlpDUVNvcEhheFlCZ0l6aXFkbmgzSUxOQXM?oc=5
2026-06-21T08:22:00+09:00,432980,엠에프씨,2026-06-16,"엠에프씨, 10억 원 규모 자사주 취득 결정… 주주가치 제고 나서 - 바이오타임즈",positive,0.991016,0.991016,https://news.google.com/rss/articles/CBMibEFVX3lxTE9COEEzcnVfOXI5LXJXVFVUYWN4UWVQakZpSVJZd2IwYXpVZF9ZMXZQVFh2bncwYl82YnBTb2NweTFlaU94QkVnUFpnenk3QzhpTjM4d0tpRVBTeFN3cU1CSEN2TVNwMGdzdXJVRg?oc=5
2026-06-21T08:22:00+09:00,432980,엠에프씨,2026-06-15,"엠에프씨, 자기주식 35만262주 취득 결정 - 디지털투데이",positive,0.962252,0.962252,https://news.google.com/rss/articles/CBMic0FVX3lxTFBXeDZwUmFWRjRPang4RnV6NWdiZV9wQWVqOWhnSElSVTFTdGxVcVBhd0JTRXVXU3FlMHpPd3ZtejJMengxVjdWVkQxM1YwWlVHdWFwbHRVRnEyZ3hFSUtiM1U5NW9LczFoWllFdTlNVW5hT1k?oc=5
2026-06-21T08:22:00+09:00,432980,엠에프씨,2026-06-16,"엠에프씨, 10억원 규모 자사주 취득 결정 - 뉴스핌",positive,0.910033,0.910033,https://news.google.com/rss/articles/CBMiXEFVX3lxTE1MVkNsNkNpR0ZFYjR3dDdyTm91cF9PMTV0SEswMXVfVUc0NGx0aFAwQjZwaURiY2VITV83c0J3cTdLX1ZIeVItWExxdkxDYlA3NlV2ajBndThEa0NL?oc=5
2026-06-21T08:22:00+09:00,432980,엠에프씨,2026-06-16,"엠에프씨, 10억원 규모 자사주 장내 매수 결정...'책임경영 강화 및 주주가치 제고' - 팍스경제TV",positive,0.991803,0.991803,https://news.google.com/rss/articles/CBMiZ0FVX3lxTE9yZE9DbE5MZERIdlQyaVoxbVJ0VEFZYVRaZTlPeFVVeXhBeHVqTS1BX2FncjRKbGdHSl9pYXd3dTJLaFFVS3lUdW9rbm40ODRDMURFaGcxMFNRTVNJOEtBWGpackF6M00?oc=5
2026-06-21T08:22:00+09:00,432980,엠에프씨,2026-06-15,"엠에프씨, 10억 규모 자사주 취득 결정...주주가치 제고 - 마켓인",positive,0.991519,0.991519,https://news.google.com/rss/articles/CBMic0FVX3lxTE5nMGktN2tNd3dXa29SVWxUQ3dNWFBybjNsUlRrbnB5dUY4Sld0UHRMdjhMRTVtRjNxb2xxcE9oaEtpcWFHWDNLT3drMjhQS1F4aks1dDRuU1o4Z2xQNzhwVUtqakNBb1YtcmpKaXlMaXJYT1k?oc=5
2026-06-21T08:22:00+09:00,002210,동성제약,2026-06-15,"유가증권 제약지수 시총 150조 반납, 4월 한 달 4조 감소 - 의약뉴스",negative,0.990854,-0.990854,https://news.google.com/rss/articles/CBMiaEFVX3lxTE5UM0xtejhYb2RxaHphSENUYjBrZHAwbXBmaTN0YlNrYzNNUURzSXVCa0c1TWs1bzNkc0JvWUdtNFlCcmJFYVZUR1RtQnU3d29lYU5Od2VlQTcwUlA5MFY3YzUxdU9SLWNK?oc=5
2026-06-21T08:22:00+09:00,002210,동성제약,2026-06-16,제약·바이오 동전주 턱걸이 탈출했지만…시총 문턱 남았다 - v.daum.net,negative,0.756047,-0.756047,https://news.google.com/rss/articles/CBMiT0FVX3lxTFB4dHJ5aGd1aEM5clBON0VTelQ5TkhFZ2k1dXJzNDdpNllBTERjeU9rS3pyVUlxaGJfUVB1cGg3WGxFWElEUFN2ZjMwLU1FRjQ?oc=5
2026-06-21T08:22:00+09:00,002210,동성제약,2026-06-19,동전주 벗어났더니 이번엔 '시총 200억' 장벽...제약바이오 '산 넘어 산' - ebn.co.kr,negative,0.974379,-0.974379,https://news.google.com/rss/articles/CBMiaEFVX3lxTE5uWjBHQ1VsdFVnNDhUUFFuMXJfRVk0TTRwcjRqWDFvYnFPY25vcmgwSzc1NGNQMFZ0ejZNbkNmRS1zbTNvWkZUWm05cVFpOVlhQURKU3lFMFNlZGJPLVc3ZGZlMUhzaWhF?oc=5
2026-06-21T08:22:00+09:00,454910,두산로보틱스,2026-06-16,"로봇주 동반 조정…휴림로봇 레인보우로보틱스 두산로보틱스 유진로봇 원익홀딩스 현대무벡스 하락, 차익실현 매물 출회 - CBC뉴스",negative,0.967403,-0.967403,https://news.google.com/rss/articles/CBMiaEFVX3lxTE45YXhBYWhxQmpTSUYzRHNhUVMxWm5xNnJ2Smt5eVI2WGlUeXhLSUdVRG1fMlA1UWI5MFNuT21RYnBBMkwxb1NieGxHTEJ0dG80LVFORFl2V2tzN3A0WHdVSjBSVk5QZ1RD?oc=5
2026-06-21T08:22:00+09:00,454910,두산로보틱스,2026-06-16,"두산로보틱스 주가, 6월 16일 장중 109,050원 2.11% 하락 - 톱스타뉴스",negative,0.991838,-0.991838,https://news.google.com/rss/articles/CBMickFVX3lxTE51RG96XzJTX1lQdm8yWUliRTlVV0d5QlJtS1ppX3VqQWRFaE9hbU85QlFxdUtZYTlBc21GdnhvYTltQkY2dFF1dmQ2amVaQUgzQllsY0J0TG9hVEx1MnA0elR5U2VFUVFIZGh1RjBYYm5NUQ?oc=5
2026-06-21T08:22:00+09:00,454910,두산로보틱스,2026-06-16,"[클릭 e종목]""BG가 이끄는 두산…목표주가 상향"" - v.daum.net",positive,0.99354,0.99354,https://news.google.com/rss/articles/CBMiVEFVX3lxTE51bDZudmFrd2ZueHRXc1VKb3VhcHg1eTNLZU1uYTlmZXl0eURBQVJDMWM5R3lwQzd2a21udzN2MTNSZFUtRm9NV0hlLVdHdGV3bFdFUw?oc=5
2026-06-21T08:22:00+09:00,454910,두산로보틱스,2026-06-16,두산로보틱스 투자분석 2026. 06. 16 - 주달,neutral,0.990565,0.0,https://news.google.com/rss/articles/CBMic0FVX3lxTE83R2ZZVnZnQlNxZmJRU21MeGJHR3d6MWxlRzc3ZGdyUFlGNl9ITVJib1IyNURuZlhOMnFzMFluWFJjODgyMUFHQ0RpQUdNczZ6ODdTQ0FpcVpGU2hEeldodnhONFR0ajNxUS1UelJSOWpMTTg?oc=5
2026-06-21T08:22:00+09:00,454910,두산로보틱스,2026-06-19,두산로보틱스 주가 하락 중 - 아시아뉴스통신,negative,0.993209,-0.993209,https://news.google.com/rss/articles/CBMidEFVX3lxTFAwRFcyM3dXU18wVl95RTVmTHluczBIb2JLa3V4cEVhX1VZbXJHNVU3SUtQWDRITER1azJTNHktYmxPUWhENDNhRlYyNGpaeDZFZThQekg4Ml8zaF84WDd2eHI2SGJCTmFZR3RsSFhZeVhfbnRw?oc=5
